actual_completion_time,rf_predicted_completion_time,nn_predicted_completion_time,actual_orders_per_step,rf_predicted_orders_per_step,nn_predicted_orders_per_step,actual_robot_efficiency,rf_predicted_robot_efficiency,nn_predicted_robot_efficiency,actual_completion_rate,rf_predicted_completion_rate,nn_predicted_completion_rate,num_robots,num_workstations,order_density,robot_density
998,645.7820952380954,1385.1111,0.06312625250501,0.059817013060134955,0.06653569,0.0052605210420841,0.0054980575422124145,0.005989897,0.9130434782608696,0.867437010092915,0.8966944,12,2,0.05,0.08888888888888889
1252,645.7820952380954,1385.1111,0.0623003194888178,0.059817013060134955,0.06653569,0.0051916932907348,0.0054980575422124145,0.005989897,0.975,0.867437010092915,0.8966944,12,2,0.05,0.08888888888888889
770,645.7820952380954,1385.1111,0.0636363636363636,0.059817013060134955,0.06653569,0.0053030303030303,0.0054980575422124145,0.005989897,0.9423076923076924,0.867437010092915,0.8966944,12,2,0.05,0.08888888888888889
2168,1208.7489880952382,1661.6934,0.0622693726937269,0.06500406764592186,0.067959756,0.0051891143911439,0.006090106031729431,0.0061091296,0.9642857142857144,0.9439937847484433,0.9162429,12,2,0.1,0.08888888888888889
1603,1208.7489880952382,1661.6934,0.0711166562694946,0.06500406764592186,0.067959756,0.0059263880224578,0.006090106031729431,0.0061091296,0.957983193277311,0.9439937847484433,0.9162429,12,2,0.1,0.08888888888888889
1744,1208.7489880952382,1661.6934,0.0665137614678899,0.06500406764592186,0.067959756,0.0055428134556574,0.006090106031729431,0.0061091296,0.9586776859504132,0.9439937847484433,0.9162429,12,2,0.1,0.08888888888888889
4009,2369.5952142857145,2214.858,0.0598653030680967,0.06692642803209552,0.07080787,0.0049887752556747,0.0063415742634751315,0.0063475943,0.979591836734694,0.9605195723893695,0.95533985,12,2,0.2,0.08888888888888889
3211,2369.5952142857145,2214.858,0.0747430706944877,0.06692642803209552,0.07080787,0.0062285892245406,0.0063415742634751315,0.0063475943,0.9836065573770492,0.9605195723893695,0.95533985,12,2,0.2,0.08888888888888889
3266,2369.5952142857145,2214.858,0.0667483159828536,0.06692642803209552,0.07080787,0.0055623596652378,0.0063415742634751315,0.0063475943,0.9775784753363228,0.9605195723893695,0.95533985,12,2,0.2,0.08888888888888889
5453,3710.739761904762,2768.0222,0.0680359435173299,0.06496065038189243,0.07365596,0.0056696619597774,0.0063728649874562416,0.006586059,0.9867021276595744,0.9830155426893761,0.9944368,12,2,0.3,0.08888888888888889
5429,3710.739761904762,2768.0222,0.0672315343525511,0.06496065038189243,0.07365596,0.0056026278627125,0.0063728649874562416,0.006586059,0.9811827956989247,0.9830155426893761,0.9944368,12,2,0.3,0.08888888888888889
5704,3710.739761904762,2768.0222,0.0669705469845722,0.06496065038189243,0.07365596,0.005580878915381,0.0063728649874562416,0.006586059,0.9769820971867008,0.9830155426893761,0.9944368,12,2,0.3,0.08888888888888889
1104,646.5657380952382,1372.2533,0.0543478260869565,0.061826376236194226,0.06644413,0.0045289855072463,0.005712376584015691,0.0059845396,0.9375,0.8913290246181965,0.8957824,12,3,0.05,0.08888888888888889
891,646.5657380952382,1372.2533,0.0606060606060606,0.061826376236194226,0.06644413,0.005050505050505,0.005712376584015691,0.0059845396,0.84375,0.8913290246181965,0.8957824,12,3,0.05,0.08888888888888889
812,646.5657380952382,1372.2533,0.0566502463054187,0.061826376236194226,0.06644413,0.0047208538587848,0.005712376584015691,0.0059845396,0.8518518518518519,0.8913290246181965,0.8957824,12,3,0.05,0.08888888888888889
2038,1250.6070317460317,1648.8354,0.0598626104023552,0.06432074333055575,0.06786819,0.0049885508668629,0.006064078094763381,0.0061037717,0.9457364341085271,0.9415178644039502,0.9153309,12,3,0.1,0.08888888888888889
1765,1250.6070317460317,1648.8354,0.063456090651558,0.06432074333055575,0.06786819,0.0052880075542965,0.006064078094763381,0.0061037717,0.9491525423728814,0.9415178644039502,0.9153309,12,3,0.1,0.08888888888888889
1830,1250.6070317460317,1648.8354,0.0666666666666666,0.06432074333055575,0.06786819,0.0055555555555555,0.006064078094763381,0.0061037717,0.9384615384615383,0.9415178644039502,0.9153309,12,3,0.1,0.08888888888888889
4072,2496.314761904762,2201.9998,0.0636051080550098,0.06512904023673204,0.0707163,0.0053004256712508,0.0061524784596166905,0.0063422364,0.9847908745247148,0.9712020340235302,0.9544278,12,3,0.2,0.08888888888888889
3534,2496.314761904762,2201.9998,0.066213921901528,0.06512904023673204,0.0707163,0.0055178268251273,0.0061524784596166905,0.0063422364,0.9831932773109244,0.9712020340235302,0.9544278,12,3,0.2,0.08888888888888889
3648,2496.314761904762,2201.9998,0.0674342105263157,0.06512904023673204,0.0707163,0.0056195175438596,0.0061524784596166905,0.0063422364,0.9879518072289156,0.9712020340235302,0.9544278,12,3,0.2,0.08888888888888889
4742,3826.8046190476175,2755.1646,0.069590889919865,0.062402788199236635,0.0735644,0.0057992408266554,0.006077388975964811,0.0065807016,0.9792284866468842,0.973780410647693,0.99352473,12,3,0.3,0.08888888888888889
5714,3826.8046190476175,2755.1646,0.0673783689184459,0.062402788199236635,0.0735644,0.0056148640765371,0.006077388975964811,0.0065807016,0.9897172236503856,0.973780410647693,0.99352473,12,3,0.3,0.08888888888888889
5389,3826.8046190476175,2755.1646,0.067544999072184,0.062402788199236635,0.0735644,0.005628749922682,0.006077388975964811,0.0065807016,0.986449864498645,0.973780410647693,0.99352473,12,3,0.3,0.08888888888888889
977,662.5130674603174,1359.3951,0.0665301944728761,0.06046591679946738,0.06635257,0.0055441828727396,0.0057152442506924065,0.0059791817,0.9154929577464788,0.9131303830307063,0.89487034,12,4,0.05,0.08888888888888889
1155,662.5130674603174,1359.3951,0.0614718614718614,0.06046591679946738,0.06635257,0.0051226551226551,0.0057152442506924065,0.0059791817,0.9102564102564102,0.9131303830307063,0.89487034,12,4,0.05,0.08888888888888889
1107,662.5130674603174,1359.3951,0.059620596205962,0.06046591679946738,0.06635257,0.0049683830171635,0.0057152442506924065,0.0059791817,0.9295774647887324,0.9131303830307063,0.89487034,12,4,0.05,0.08888888888888889
1984,1285.9724206349206,1635.9775,0.0650201612903225,0.06157000595772949,0.06777663,0.0054183467741935,0.005849554209100027,0.006098414,0.9555555555555556,0.9400119481524659,0.9144188,12,4,0.1,0.08888888888888889
1658,1285.9724206349206,1635.9775,0.0657418576598311,0.06157000595772949,0.06777663,0.0054784881383192,0.005849554209100027,0.006098414,0.9646017699115044,0.9400119481524659,0.9144188,12,4,0.1,0.08888888888888889
2039,1285.9724206349206,1635.9775,0.060814124570868,0.06157000595772949,0.06777663,0.005067843714239,0.005849554209100027,0.006098414,0.9763779527559056,0.9400119481524659,0.9144188,12,4,0.1,0.08888888888888889
3532,2593.207035714286,2189.1418,0.0648357870894677,0.06431993758544091,0.07062473,0.0054029822574556,0.006056289271035071,0.006336879,0.9703389830508474,0.9708847513483715,0.9535157,12,4,0.2,0.08888888888888889
4321,2593.207035714286,2189.1418,0.0587826891923165,0.06431993758544091,0.07062473,0.004898557432693,0.006056289271035071,0.006336879,0.9844961240310076,0.9708847513483715,0.9535157,12,4,0.2,0.08888888888888889
3579,2593.207035714286,2189.1418,0.0676166526962838,0.06431993758544091,0.07062473,0.0056347210580236,0.006056289271035071,0.006336879,0.983739837398374,0.9708847513483715,0.9535157,12,4,0.2,0.08888888888888889
5252,3834.6769523809526,2742.3064,0.0687357197258187,0.06344162793852046,0.073472835,0.0057279766438182,0.006203841527752113,0.0065753437,0.9809782608695652,0.9855710705926153,0.99261266,12,4,0.3,0.08888888888888889
5591,3834.6769523809526,2742.3064,0.0658200679663745,0.06344162793852046,0.073472835,0.0054850056638645,0.006203841527752113,0.0065753437,0.983957219251337,0.9855710705926153,0.99261266,12,4,0.3,0.08888888888888889
5666,3834.6769523809526,2742.3064,0.0667137310271796,0.06344162793852046,0.073472835,0.0055594775855983,0.006203841527752113,0.0065753437,0.9869451697127938,0.9855710705926153,0.99261266,12,4,0.3,0.08888888888888889
1026,612.7808571428571,1346.5371,0.0575048732943469,0.05748397773698551,0.066261016,0.0047920727745289,0.005620632362546032,0.005973824,0.9076923076923076,0.8689330813110743,0.8939583,12,5,0.05,0.08888888888888889
877,612.7808571428571,1346.5371,0.0604332953249714,0.05748397773698551,0.066261016,0.0050361079437476,0.005620632362546032,0.005973824,0.9814814814814816,0.8689330813110743,0.8939583,12,5,0.05,0.08888888888888889
943,612.7808571428571,1346.5371,0.0583244962884411,0.05748397773698551,0.066261016,0.0048603746907034,0.005620632362546032,0.005973824,0.9166666666666666,0.8689330813110743,0.8939583,12,5,0.05,0.08888888888888889
1635,1332.3468571428573,1623.1196,0.0636085626911314,0.061764798935184405,0.06768507,0.0053007135575942,0.005819487611698685,0.0060930564,0.9629629629629628,0.9300298783403284,0.91350675,12,5,0.1,0.08888888888888889
1852,1332.3468571428573,1623.1196,0.0631749460043196,0.061764798935184405,0.06768507,0.0052645788336933,0.005819487611698685,0.0060930564,0.951219512195122,0.9300298783403284,0.91350675,12,5,0.1,0.08888888888888889
1878,1332.3468571428573,1623.1196,0.0612353567625133,0.061764798935184405,0.06768507,0.0051029463968761,0.005819487611698685,0.0060930564,0.9745762711864406,0.9300298783403284,0.91350675,12,5,0.1,0.08888888888888889
3926,2588.910857142857,2176.284,0.0629139072847682,0.0654298513034027,0.07053317,0.005242825607064,0.006179257167770548,0.006331521,0.9840637450199204,0.9754641445251603,0.9526037,12,5,0.2,0.08888888888888889
3172,2588.910857142857,2176.284,0.0668348045397225,0.0654298513034027,0.07053317,0.0055695670449768,0.006179257167770548,0.006331521,0.9906542056074766,0.9754641445251603,0.9526037,12,5,0.2,0.08888888888888889
3636,2588.910857142857,2176.284,0.0673817381738173,0.0654298513034027,0.07053317,0.0056151448478181,0.006179257167770548,0.006331521,0.9645669291338582,0.9754641445251603,0.9526037,12,5,0.2,0.08888888888888889
5188,3613.953249999999,2729.4482,0.0678488820354664,0.06473397374973205,0.073381275,0.0056540735029555,0.006328139131900829,0.0065699858,0.98050139275766,0.9751488934764132,0.9917006,12,5,0.3,0.08888888888888889
5937,3613.953249999999,2729.4482,0.0653528718207849,0.06473397374973205,0.073381275,0.005446072651732,0.006328139131900829,0.0065699858,0.9948717948717948,0.9751488934764132,0.9917006,12,5,0.3,0.08888888888888889
5681,3613.953249999999,2729.4482,0.0691779616264742,0.06473397374973205,0.073381275,0.0057648301355395,0.006328139131900829,0.0065699858,0.9924242424242424,0.9751488934764132,0.9917006,12,5,0.3,0.08888888888888889
870,613.7660476190476,1333.6791,0.0597701149425287,0.0558964198187162,0.06616945,0.0049808429118773,0.005446673326398452,0.005968466,0.8813559322033898,0.8643429681859197,0.8930462,12,6,0.05,0.08888888888888889
907,613.7660476190476,1333.6791,0.0617420066152149,0.0558964198187162,0.06616945,0.0051451672179345,0.005446673326398452,0.005968466,0.9333333333333332,0.8643429681859197,0.8930462,12,6,0.05,0.08888888888888889
1001,613.7660476190476,1333.6791,0.0619380619380619,0.0558964198187162,0.06616945,0.0051615051615051,0.005446673326398452,0.005968466,0.96875,0.8643429681859197,0.8930462,12,6,0.05,0.08888888888888889
2143,1186.0228214285717,1610.2617,0.0620625291647223,0.06273253446647012,0.06759351,0.0051718774303935,0.005901324711250898,0.0060876985,0.9851851851851852,0.9197625985302382,0.9125947,12,6,0.1,0.08888888888888889
1888,1186.0228214285717,1610.2617,0.0630296610169491,0.06273253446647012,0.06759351,0.0052524717514124,0.005901324711250898,0.0060876985,0.952,0.9197625985302382,0.9125947,12,6,0.1,0.08888888888888889
1977,1186.0228214285717,1610.2617,0.0591805766312594,0.06273253446647012,0.06759351,0.0049317147192716,0.005901324711250898,0.0060876985,0.951219512195122,0.9197625985302382,0.9125947,12,6,0.1,0.08888888888888889
3498,2488.679011904762,2163.426,0.062607204116638,0.0624051194589599,0.07044161,0.0052172670097198,0.0060480885833763594,0.006326163,0.9647577092511012,0.9738785656129856,0.9516916,12,6,0.2,0.08888888888888889
3777,2488.679011904762,2163.426,0.0635424940428911,0.0624051194589599,0.07044161,0.0052952078369075,0.0060480885833763594,0.006326163,0.9917355371900828,0.9738785656129856,0.9516916,12,6,0.2,0.08888888888888889
3904,2488.679011904762,2163.426,0.0648053278688524,0.0624051194589599,0.07044161,0.005400443989071,0.0060480885833763594,0.006326163,0.9768339768339768,0.9738785656129856,0.9516916,12,6,0.2,0.08888888888888889
5348,3772.957523809523,2716.5903,0.0665669409124906,0.06420186392443136,0.073289715,0.0055472450760408,0.006256835510261572,0.0065646283,0.9916434540389972,0.9792052037752691,0.9907886,12,6,0.3,0.08888888888888889
5401,3772.957523809523,2716.5903,0.0660988705795223,0.06420186392443136,0.073289715,0.0055082392149601,0.006256835510261572,0.0065646283,0.9807692307692308,0.9792052037752691,0.9907886,12,6,0.3,0.08888888888888889
6037,3772.957523809523,2716.5903,0.062613881066755,0.06420186392443136,0.073289715,0.0052178234222295,0.006256835510261572,0.0065646283,0.9921259842519684,0.9792052037752691,0.9907886,12,6,0.3,0.08888888888888889
592,284.80198809523813,704.6051,0.1047297297297297,0.10322048314464558,0.09608237,0.0041891891891891,0.004546751304710305,0.0055021904,0.96875,0.8696383921941094,0.85470086,25,2,0.05,0.18518518518518517
544,284.80198809523813,704.6051,0.1176470588235294,0.10322048314464558,0.09608237,0.0047058823529411,0.004546751304710305,0.0055021904,0.9696969696969696,0.8696383921941094,0.85470086,25,2,0.05,0.18518518518518517
494,284.80198809523813,704.6051,0.1113360323886639,0.10322048314464558,0.09608237,0.0044534412955465,0.004546751304710305,0.0055021904,0.9166666666666666,0.8696383921941094,0.85470086,25,2,0.05,0.18518518518518517
937,574.2187261904762,981.1875,0.1259338313767342,0.1126380338450139,0.09750642,0.0050373532550693,0.005359539795219921,0.005621423,0.944,0.8963395166022802,0.87424934,25,2,0.1,0.18518518518518517
1203,574.2187261904762,981.1875,0.1005818786367414,0.1126380338450139,0.09750642,0.0040232751454696,0.005359539795219921,0.005621423,0.937984496124031,0.8963395166022802,0.87424934,25,2,0.1,0.18518518518518517
1067,574.2187261904762,981.1875,0.1049671977507029,0.1126380338450139,0.09750642,0.0041986879100281,0.005359539795219921,0.005621423,0.991150442477876,0.8963395166022802,0.87424934,25,2,0.1,0.18518518518518517
1752,1160.161880952381,1534.3519,0.1312785388127854,0.1296427719594571,0.10035452,0.0052511415525114,0.0055997830089302755,0.0058598877,0.9465020576131687,0.9645896340046421,0.9133463,25,2,0.2,0.18518518518518517
1690,1160.161880952381,1534.3519,0.1420118343195266,0.1296427719594571,0.10035452,0.005680473372781,0.0055997830089302755,0.0058598877,0.9523809523809524,0.9645896340046421,0.9133463,25,2,0.2,0.18518518518518517
2066,1160.161880952381,1534.3519,0.12729912875121,0.1296427719594571,0.10035452,0.0050919651500484,0.0055997830089302755,0.0058598877,0.9494584837545126,0.9645896340046421,0.9133463,25,2,0.2,0.18518518518518517
2783,1750.6506587301587,2087.5164,0.1315127560186848,0.1275031088215216,0.10320263,0.0052605102407473,0.005826516630785183,0.0060983524,0.976,0.9698067802202197,0.95244324,25,2,0.3,0.18518518518518517
2686,1750.6506587301587,2087.5164,0.1366344005956813,0.1275031088215216,0.10320263,0.0054653760238272,0.005826516630785183,0.0060983524,0.9839142091152816,0.9698067802202197,0.95244324,25,2,0.3,0.18518518518518517
2801,1750.6506587301587,2087.5164,0.132452695465905,0.1275031088215216,0.10320263,0.0052981078186362,0.005826516630785183,0.0060983524,0.9840848806366048,0.9698067802202197,0.95244324,25,2,0.3,0.18518518518518517
487,273.9986666666666,691.74725,0.1149897330595482,0.11474762499323689,0.09599081,0.0045995893223819,0.004987390802738369,0.0054968325,0.8484848484848485,0.8647800453776806,0.8537888,25,3,0.05,0.18518518518518517
515,273.9986666666666,691.74725,0.1106796116504854,0.11474762499323689,0.09599081,0.0044271844660194,0.004987390802738369,0.0054968325,0.7916666666666666,0.8647800453776806,0.8537888,25,3,0.05,0.18518518518518517
624,273.9986666666666,691.74725,0.110576923076923,0.11474762499323689,0.09599081,0.0044230769230769,0.004987390802738369,0.0054968325,0.971830985915493,0.8647800453776806,0.8537888,25,3,0.05,0.18518518518518517
865,522.8720238095236,968.3294,0.122543352601156,0.11694821336160496,0.09741486,0.0049017341040462,0.005597696601528999,0.005616065,0.8983050847457628,0.901347927083758,0.87333727,25,3,0.1,0.18518518518518517
976,522.8720238095236,968.3294,0.1239754098360655,0.11694821336160496,0.09741486,0.0049590163934426,0.005597696601528999,0.005616065,0.9166666666666666,0.901347927083758,0.87333727,25,3,0.1,0.18518518518518517
809,522.8720238095236,968.3294,0.1186650185414091,0.11694821336160496,0.09741486,0.0047466007416563,0.005597696601528999,0.005616065,0.9504950495049505,0.901347927083758,0.87333727,25,3,0.1,0.18518518518518517
1823,1166.9683214285715,1521.4938,0.1278113000548546,0.1331062635876861,0.10026297,0.0051124520021941,0.005712494541424425,0.00585453,0.966804979253112,0.9607164048649789,0.9124342,25,3,0.2,0.18518518518518517
1935,1166.9683214285715,1521.4938,0.1209302325581395,0.1331062635876861,0.10026297,0.0048372093023255,0.005712494541424425,0.00585453,0.9873417721518988,0.9607164048649789,0.9124342,25,3,0.2,0.18518518518518517
1777,1166.9683214285715,1521.4938,0.1378728193584693,0.1331062635876861,0.10026297,0.0055149127743387,0.005712494541424425,0.00585453,0.9315589353612168,0.9607164048649789,0.9124342,25,3,0.2,0.18518518518518517
2667,1875.1364047619052,2074.6582,0.1338582677165354,0.12018508992338665,0.10311107,0.0053543307086614,0.005528030137598505,0.0060929945,0.9754098360655736,0.9758172870598857,0.9515312,25,3,0.3,0.18518518518518517
2748,1875.1364047619052,2074.6582,0.1324599708879185,0.12018508992338665,0.10311107,0.0052983988355167,0.005528030137598505,0.0060929945,0.986449864498645,0.9758172870598857,0.9515312,25,3,0.3,0.18518518518518517
2960,1875.1364047619052,2074.6582,0.125,0.12018508992338665,0.10311107,0.005,0.005528030137598505,0.0060929945,0.9762532981530344,0.9758172870598857,0.9515312,25,3,0.3,0.18518518518518517
474,324.2125158730158,678.8894,0.1075949367088607,0.09569802004813133,0.09589924,0.0043037974683544,0.004194550571977257,0.005491475,0.7846153846153846,0.7652348116931753,0.8528768,25,4,0.05,0.18518518518518517
523,324.2125158730158,678.8894,0.1051625239005736,0.09569802004813133,0.09589924,0.0042065009560229,0.004194550571977257,0.005491475,0.9166666666666666,0.7652348116931753,0.8528768,25,4,0.05,0.18518518518518517
594,324.2125158730158,678.8894,0.101010101010101,0.09569802004813133,0.09589924,0.004040404040404,0.004194550571977257,0.005491475,0.967741935483871,0.7652348116931753,0.8528768,25,4,0.05,0.18518518518518517
922,563.6362857142858,955.47144,0.1182212581344902,0.11719614855261204,0.0973233,0.0047288503253796,0.005568044008168029,0.005610707,0.9008264462809916,0.9087495226183114,0.8724252,25,4,0.1,0.18518518518518517
985,563.6362857142858,955.47144,0.1258883248730964,0.11719614855261204,0.0973233,0.0050355329949238,0.005568044008168029,0.005610707,0.96875,0.9087495226183114,0.8724252,25,4,0.1,0.18518518518518517
991,563.6362857142858,955.47144,0.1200807265388496,0.11719614855261204,0.0973233,0.0048032290615539,0.005568044008168029,0.005610707,0.9296875,0.9087495226183114,0.8724252,25,4,0.1,0.18518518518518517
1804,1268.0517857142856,1508.6359,0.1358093126385809,0.12943372825430005,0.1001714,0.0054323725055432,0.005614392248761022,0.005849172,0.9607843137254902,0.9657018443339271,0.91152215,25,4,0.2,0.18518518518518517
1790,1268.0517857142856,1508.6359,0.135754189944134,0.12943372825430005,0.1001714,0.0054301675977653,0.005614392248761022,0.005849172,0.9642857142857144,0.9657018443339271,0.91152215,25,4,0.2,0.18518518518518517
1705,1268.0517857142856,1508.6359,0.1331378299120234,0.12943372825430005,0.1001714,0.0053255131964809,0.005614392248761022,0.005849172,0.9826839826839828,0.9657018443339271,0.91152215,25,4,0.2,0.18518518518518517
2705,1674.0141190476186,2061.8003,0.1382624768946395,0.13048009053369047,0.103019506,0.0055304990757855,0.005916368660075435,0.006087637,0.9946808510638298,0.9739823697142412,0.9506191,25,4,0.3,0.18518518518518517
2578,1674.0141190476186,2061.8003,0.1322730799069045,0.13048009053369047,0.103019506,0.0052909231962761,0.005916368660075435,0.006087637,0.96875,0.9739823697142412,0.9506191,25,4,0.3,0.18518518518518517
2795,1674.0141190476186,2061.8003,0.1277280858676207,0.13048009053369047,0.103019506,0.0051091234347048,0.005916368660075435,0.006087637,0.978082191780822,0.9739823697142412,0.9506191,25,4,0.3,0.18518518518518517
462,266.3733888888889,666.0313,0.1082251082251082,0.10489536753442547,0.09580769,0.0043290043290043,0.004532151321050471,0.005486117,0.9433962264150944,0.7195786152909568,0.8519647,25,5,0.05,0.18518518518518517
538,266.3733888888889,666.0313,0.104089219330855,0.10489536753442547,0.09580769,0.0041635687732342,0.004532151321050471,0.005486117,0.9032258064516128,0.7195786152909568,0.8519647,25,5,0.05,0.18518518518518517
441,266.3733888888889,666.0313,0.1179138321995464,0.10489536753442547,0.09580769,0.0047165532879818,0.004532151321050471,0.005486117,0.8813559322033898,0.7195786152909568,0.8519647,25,5,0.05,0.18518518518518517
856,597.6403095238094,942.6134,0.1261682242990654,0.11047551529530987,0.09723173,0.0050467289719626,0.005250495531689439,0.00560535,0.9152542372881356,0.9137369478245781,0.8715131,25,5,0.1,0.18518518518518517
855,597.6403095238094,942.6134,0.1204678362573099,0.11047551529530987,0.09723173,0.0048187134502923,0.005250495531689439,0.00560535,0.865546218487395,0.9137369478245781,0.8715131,25,5,0.1,0.18518518518518517
933,597.6403095238094,942.6134,0.1168274383708467,0.11047551529530987,0.09723173,0.0046730975348338,0.005250495531689439,0.00560535,0.9008264462809916,0.9137369478245781,0.8715131,25,5,0.1,0.18518518518518517
2060,1172.561464285714,1495.778,0.1228155339805825,0.13184411302882962,0.10007984,0.0049126213592233,0.005683958244768762,0.0058438145,0.9844357976653696,0.9470584884693285,0.9106101,25,5,0.2,0.18518518518518517
2125,1172.561464285714,1495.778,0.1237647058823529,0.13184411302882962,0.10007984,0.0049505882352941,0.005683958244768762,0.0058438145,0.970479704797048,0.9470584884693285,0.9106101,25,5,0.2,0.18518518518518517
2062,1172.561464285714,1495.778,0.1333656644034917,0.13184411302882962,0.10007984,0.0053346265761396,0.005683958244768762,0.0058438145,0.985663082437276,0.9470584884693285,0.9106101,25,5,0.2,0.18518518518518517
2590,1740.8089761904764,2048.9424,0.1351351351351351,0.1327354832971552,0.102927946,0.0054054054054054,0.006001753850575605,0.006082279,0.9722222222222222,0.977519492985807,0.94970703,25,5,0.3,0.18518518518518517
3009,1740.8089761904764,2048.9424,0.1279494848786972,0.1327354832971552,0.102927946,0.0051179793951478,0.006001753850575605,0.006082279,0.9897172236503856,0.977519492985807,0.94970703,25,5,0.3,0.18518518518518517
2710,1740.8089761904764,2048.9424,0.1269372693726937,0.1327354832971552,0.102927946,0.0050774907749077,0.006001753850575605,0.006082279,0.9690140845070424,0.977519492985807,0.94970703,25,5,0.3,0.18518518518518517
534,291.8819523809523,653.17316,0.1104868913857678,0.10227258831851499,0.095716126,0.0044194756554307,0.004366787909553303,0.0054807593,0.8805970149253731,0.7016561098257429,0.8510526,25,6,0.05,0.18518518518518517
603,291.8819523809523,653.17316,0.1077943615257048,0.10227258831851499,0.095716126,0.0043117744610281,0.004366787909553303,0.0054807593,0.9558823529411764,0.7016561098257429,0.8510526,25,6,0.05,0.18518518518518517
516,291.8819523809523,653.17316,0.1162790697674418,0.10227258831851499,0.095716126,0.0046511627906976,0.004366787909553303,0.0054807593,0.8955223880597015,0.7016561098257429,0.8510526,25,6,0.05,0.18518518518518517
1004,524.5348571428573,929.75543,0.1205179282868526,0.11286273459319035,0.09714017,0.0048207171314741,0.005460450953398974,0.005599992,0.9453125,0.9025510060923351,0.87060106,25,6,0.1,0.18518518518518517
1026,524.5348571428573,929.75543,0.1198830409356725,0.11286273459319035,0.09714017,0.0047953216374269,0.005460450953398974,0.005599992,0.9389312977099236,0.9025510060923351,0.87060106,25,6,0.1,0.18518518518518517
987,524.5348571428573,929.75543,0.1225937183383991,0.11286273459319035,0.09714017,0.0049037487335359,0.005460450953398974,0.005599992,0.9097744360902256,0.9025510060923351,0.87060106,25,6,0.1,0.18518518518518517
2027,1184.6341349206348,1482.9199,0.125801677355698,0.12496309819014315,0.099988274,0.0050320670942279,0.005376762850042731,0.0058384566,0.9770114942528736,0.9548857270292406,0.909698,25,6,0.2,0.18518518518518517
2111,1184.6341349206348,1482.9199,0.1198484130743723,0.12496309819014315,0.099988274,0.0047939365229748,0.005376762850042731,0.0058384566,0.98828125,0.9548857270292406,0.909698,25,6,0.2,0.18518518518518517
1958,1184.6341349206348,1482.9199,0.1276813074565883,0.12496309819014315,0.099988274,0.0051072522982635,0.005376762850042731,0.0058384566,0.9689922480620154,0.9548857270292406,0.909698,25,6,0.2,0.18518518518518517
3164,1648.2652142857146,2036.0844,0.1245259165613147,0.1250645190272683,0.102836385,0.0049810366624525,0.005704864171600541,0.0060769217,0.9752475247524752,0.9611508431889223,0.94879496,25,6,0.3,0.18518518518518517
2900,1648.2652142857146,2036.0844,0.1282758620689655,0.1250645190272683,0.102836385,0.0051310344827586,0.005704864171600541,0.0060769217,0.992,0.9611508431889223,0.94879496,25,6,0.3,0.18518518518518517
2998,1648.2652142857146,2036.0844,0.133422281521014,0.1250645190272683,0.102836385,0.0053368912608405,0.005704864171600541,0.0060769217,0.9803921568627452,0.9611508431889223,0.94879496,25,6,0.3,0.18518518518518517
329,139.39644047619046,76.44597,0.1489361702127659,0.09911858919723318,0.123356216,0.0040253018976423,0.0026690104656524154,0.0050519994,0.8448275862068966,0.4093601132312847,0.8159376,37,2,0.05,0.2740740740740741
348,139.39644047619046,76.44597,0.1235632183908046,0.09911858919723318,0.123356216,0.0033395464429947,0.0026690104656524154,0.0050519994,0.7678571428571429,0.4093601132312847,0.8159376,37,2,0.05,0.2740740740740741
307,139.39644047619046,76.44597,0.1400651465798045,0.09911858919723318,0.123356216,0.0037855445021568,0.0026690104656524154,0.0050519994,0.9148936170212766,0.4093601132312847,0.8159376,37,2,0.05,0.2740740740740741
584,355.2288928571428,353.02832,0.172945205479452,0.17721470291830813,0.12478026,0.0046741947426878,0.0048524588352808215,0.0051712324,0.9017857142857144,0.8589679045858195,0.83548605,37,2,0.1,0.2740740740740741
783,355.2288928571428,353.02832,0.1787994891443167,0.17721470291830813,0.12478026,0.004832418625522,0.0048524588352808215,0.0051712324,0.9790209790209792,0.8589679045858195,0.83548605,37,2,0.1,0.2740740740740741
750,355.2288928571428,353.02832,0.1773333333333333,0.17721470291830813,0.12478026,0.0047927927927927,0.0048524588352808215,0.0051712324,0.9568345323741008,0.8589679045858195,0.83548605,37,2,0.1,0.2740740740740741
1413,721.7811904761905,906.1923,0.1769285208775654,0.20437979919101462,0.12762839,0.0047818519156098,0.005447462984223109,0.0054096966,0.946969696969697,0.9474550324038123,0.874583,37,2,0.2,0.2740740740740741
1318,721.7811904761905,906.1923,0.180576631259484,0.20437979919101462,0.12762839,0.0048804494934995,0.005447462984223109,0.0054096966,0.9794238683127572,0.9474550324038123,0.874583,37,2,0.2,0.2740740740740741
1252,721.7811904761905,906.1923,0.1932907348242811,0.20437979919101462,0.12762839,0.0052240739141697,0.005447462984223109,0.0054096966,0.937984496124031,0.9474550324038123,0.874583,37,2,0.2,0.2740740740740741
2182,1017.1741666666669,1459.3567,0.1700274977085243,0.2076473511850647,0.13047649,0.004595337775906,0.005711095493812447,0.0056481618,0.9840848806366048,0.9489018336657205,0.9136799,37,2,0.3,0.2740740740740741
1863,1017.1741666666669,1459.3567,0.1900161030595813,0.2076473511850647,0.13047649,0.0051355703529616,0.005711095493812447,0.0056481618,0.9365079365079364,0.9489018336657205,0.9136799,37,2,0.3,0.2740740740740741
1987,1017.1741666666669,1459.3567,0.1887267237040765,0.2076473511850647,0.13047649,0.0051007222622723,0.005711095493812447,0.0056481618,0.9615384615384616,0.9489018336657205,0.9136799,37,2,0.3,0.2740740740740741
387,166.2372341269841,63.58794,0.1524547803617571,0.113808378441207,0.123264655,0.0041203994692366,0.0029746941859430144,0.005046642,0.7662337662337663,0.5050307358567143,0.8150255,37,3,0.05,0.2740740740740741
343,166.2372341269841,63.58794,0.1486880466472303,0.113808378441207,0.123264655,0.0040185958553305,0.0029746941859430144,0.005046642,0.8095238095238095,0.5050307358567143,0.8150255,37,3,0.05,0.2740740740740741
263,166.2372341269841,63.58794,0.1406844106463878,0.113808378441207,0.123264655,0.0038022813688212,0.0029746941859430144,0.005046642,0.74,0.5050307358567143,0.8150255,37,3,0.05,0.2740740740740741
710,398.5705357142857,340.1701,0.1591549295774648,0.1769849155088448,0.124688715,0.0043014845831747,0.004788928464256878,0.005165874,0.9262295081967212,0.9013237799184686,0.834574,37,3,0.1,0.2740740740740741
776,398.5705357142857,340.1701,0.1623711340206185,0.1769849155088448,0.124688715,0.0043884090275842,0.004788928464256878,0.005165874,0.9,0.9013237799184686,0.834574,37,3,0.1,0.2740740740740741
740,398.5705357142857,340.1701,0.1621621621621621,0.1769849155088448,0.124688715,0.0043827611395178,0.004788928464256878,0.005165874,0.9448818897637796,0.9013237799184686,0.834574,37,3,0.1,0.2740740740740741
1667,776.846,893.33453,0.1529694061187762,0.2000015618301399,0.12753682,0.0041343082734804,0.005360139749986285,0.005404339,0.9770114942528736,0.9488466779592308,0.87367094,37,3,0.2,0.2740740740740741
1319,776.846,893.33453,0.180439727065959,0.2000015618301399,0.12753682,0.004876749380161,0.005360139749986285,0.005404339,0.967479674796748,0.9488466779592308,0.87367094,37,3,0.2,0.2740740740740741
1388,776.846,893.33453,0.1851585014409222,0.2000015618301399,0.12753682,0.0050042838227276,0.005360139749986285,0.005404339,0.9846743295019156,0.9488466779592308,0.87367094,37,3,0.2,0.2740740740740741
1694,1089.3157142857144,1446.4989,0.1942148760330578,0.19244316476318363,0.13038492,0.0052490507035961,0.005280988908862543,0.005642804,0.9454022988505748,0.9586791983485761,0.9127679,37,3,0.3,0.2740740740740741
1843,1089.3157142857144,1446.4989,0.1893651654910472,0.19244316476318363,0.13038492,0.0051179774457039,0.005280988908862543,0.005642804,0.9721448467966574,0.9586791983485761,0.9127679,37,3,0.3,0.2740740740740741
1950,1089.3157142857144,1446.4989,0.1902564102564102,0.19244316476318363,0.13038492,0.0051420651420651,0.005280988908862543,0.005642804,0.9712041884816754,0.9586791983485761,0.9127679,37,3,0.3,0.2740740740740741
384,193.58415476190478,50.73003,0.1458333333333333,0.14950297405766097,0.12317309,0.0039414414414414,0.0037862077049869323,0.005041284,0.8235294117647058,0.6809243165054519,0.81411344,37,4,0.05,0.2740740740740741
361,193.58415476190478,50.73003,0.1468144044321329,0.14950297405766097,0.12317309,0.0039679568765441,0.0037862077049869323,0.005041284,0.8983050847457628,0.6809243165054519,0.81411344,37,4,0.05,0.2740740740740741
273,193.58415476190478,50.73003,0.1501831501831501,0.14950297405766097,0.12317309,0.004059004059004,0.0037862077049869323,0.005041284,0.82,0.6809243165054519,0.81411344,37,4,0.05,0.2740740740740741
656,378.0740158730158,327.31195,0.1768292682926829,0.1661400768888556,0.12459715,0.0047791694133157,0.004549252095367392,0.0051605166,0.9666666666666668,0.8631699145330627,0.8336619,37,4,0.1,0.2740740740740741
739,378.0740158730158,327.31195,0.162381596752368,0.1661400768888556,0.12459715,0.004388691804118,0.004549252095367392,0.0051605166,0.9523809523809524,0.8631699145330627,0.8336619,37,4,0.1,0.2740740740740741
708,378.0740158730158,327.31195,0.1751412429378531,0.1661400768888556,0.12459715,0.0047335471064284,0.004549252095367392,0.0051605166,0.9323308270676692,0.8631699145330627,0.8336619,37,4,0.1,0.2740740740740741
1624,728.8376111111111,880.47644,0.1631773399014778,0.19603700914378958,0.12744525,0.0044101983757156,0.00523235452782378,0.0053989813,0.9814814814814816,0.9495166982432454,0.87275887,37,4,0.2,0.2740740740740741
1453,728.8376111111111,880.47644,0.1706813489332415,0.19603700914378958,0.12744525,0.0046130094306281,0.00523235452782378,0.0053989813,0.992,0.9495166982432454,0.87275887,37,4,0.2,0.2740740740740741
1253,728.8376111111111,880.47644,0.1955307262569832,0.19603700914378958,0.12744525,0.0052846142231617,0.00523235452782378,0.0053989813,0.9879032258064516,0.9495166982432454,0.87275887,37,4,0.2,0.2740740740740741
2146,1081.6411666666663,1433.641,0.1915191053122087,0.19820199970692667,0.13029335,0.0051761920354651,0.005450587922957149,0.005637446,0.9832535885167464,0.9763572655008285,0.9118558,37,4,0.3,0.2740740740740741
1930,1081.6411666666663,1433.641,0.182901554404145,0.19820199970692667,0.13029335,0.004943285254166,0.005450587922957149,0.005637446,0.9805555555555556,0.9763572655008285,0.9118558,37,4,0.3,0.2740740740740741
2133,1081.6411666666663,1433.641,0.1758087201125175,0.19820199970692667,0.13029335,0.004751587030068,0.005450587922957149,0.005637446,0.9765625,0.9763572655008285,0.9118558,37,4,0.3,0.2740740740740741
399,146.84772222222222,37.871998,0.1353383458646616,0.10871984593549627,0.12308153,0.0036577931314773,0.0027487355522331585,0.0050359266,0.8709677419354839,0.45935813050243923,0.81320137,37,5,0.05,0.2740740740740741
325,146.84772222222222,37.871998,0.1384615384615384,0.10871984593549627,0.12308153,0.0037422037422037,0.0027487355522331585,0.0050359266,0.8181818181818182,0.45935813050243923,0.81320137,37,5,0.05,0.2740740740740741
428,146.84772222222222,37.871998,0.1565420560747663,0.10871984593549627,0.12308153,0.004230866380399,0.0027487355522331585,0.0050359266,0.8481012658227848,0.45935813050243923,0.81320137,37,5,0.05,0.2740740740740741
582,401.2759166666667,314.45416,0.1752577319587628,0.1690627621306675,0.12450559,0.0047366954583449,0.004566141887144632,0.0051551587,0.9026548672566372,0.9045035061727714,0.83274984,37,5,0.1,0.2740740740740741
690,401.2759166666667,314.45416,0.1826086956521739,0.1690627621306675,0.12450559,0.0049353701527614,0.004566141887144632,0.0051551587,0.9402985074626866,0.9045035061727714,0.83274984,37,5,0.1,0.2740740740740741
630,401.2759166666667,314.45416,0.146031746031746,0.1690627621306675,0.12450559,0.0039468039468039,0.004566141887144632,0.0051551587,0.9787234042553192,0.9045035061727714,0.83274984,37,5,0.1,0.2740740740740741
1262,734.8603571428572,867.61847,0.1885895404120443,0.19739569479678676,0.1273537,0.0050970146057309,0.005270724115270369,0.005393624,0.967479674796748,0.9363129281317325,0.8718468,37,5,0.2,0.2740740740740741
1403,734.8603571428572,867.61847,0.1703492516037063,0.19739569479678676,0.1273537,0.0046040338271271,0.005270724115270369,0.005393624,0.9484126984126984,0.9363129281317325,0.8718468,37,5,0.2,0.2740740740740741
1376,734.8603571428572,867.61847,0.1795058139534883,0.19739569479678676,0.1273537,0.0048515084852294,0.005270724115270369,0.005393624,0.9573643410852714,0.9363129281317325,0.8718468,37,5,0.2,0.2740740740740741
1884,1128.4190238095237,1420.7831,0.1863057324840764,0.1870348505797061,0.1302018,0.0050352900671372,0.005151925670827307,0.0056320885,0.9538043478260868,0.9689275485251747,0.91094375,37,5,0.3,0.2740740740740741
2025,1128.4190238095237,1420.7831,0.1797530864197531,0.1870348505797061,0.1302018,0.0048581915248581,0.005151925670827307,0.0056320885,0.978494623655914,0.9689275485251747,0.91094375,37,5,0.3,0.2740740740740741
1973,1128.4190238095237,1420.7831,0.1865179929042068,0.1870348505797061,0.1302018,0.0050410268352488,0.005151925670827307,0.0056320885,0.9735449735449736,0.9689275485251747,0.91094375,37,5,0.3,0.2740740740740741
345,155.4089880952381,25.013721,0.136231884057971,0.0995623916341507,0.12298997,0.0036819428123775,0.002591695453132243,0.0050305687,0.9215686274509804,0.467445501958018,0.8122893,37,6,0.05,0.2740740740740741
386,155.4089880952381,25.013721,0.155440414507772,0.0995623916341507,0.12298997,0.0042010922839938,0.002591695453132243,0.0050305687,0.9230769230769232,0.467445501958018,0.8122893,37,6,0.05,0.2740740740740741
311,155.4089880952381,25.013721,0.1318327974276527,0.0995623916341507,0.12298997,0.0035630485791257,0.002591695453132243,0.0050305687,0.8913043478260869,0.467445501958018,0.8122893,37,6,0.05,0.2740740740740741
797,383.03808333333325,301.59625,0.1668757841907152,0.17041183330551085,0.12441402,0.0045101563294787,0.004599826155123598,0.0051498013,0.9637681159420288,0.9042525347495536,0.8318378,37,6,0.1,0.2740740740740741
762,383.03808333333325,301.59625,0.1587926509186351,0.17041183330551085,0.12441402,0.0042916932680712,0.004599826155123598,0.0051498013,0.9758064516129032,0.9042525347495536,0.8318378,37,6,0.1,0.2740740740740741
844,383.03808333333325,301.59625,0.1492890995260663,0.17041183330551085,0.12441402,0.0040348405277315,0.004599826155123598,0.0051498013,0.9545454545454546,0.9042525347495536,0.8318378,37,6,0.1,0.2740740740740741
1357,752.3560000000001,854.7606,0.1768607221812822,0.19230453349387974,0.12726213,0.004780019518413,0.005142378011606335,0.005388266,0.9375,0.9517186167430465,0.8709347,37,6,0.2,0.2740740740740741
1254,752.3560000000001,854.7606,0.1746411483253588,0.19230453349387974,0.12726213,0.0047200310358205,0.005142378011606335,0.005388266,0.9864864864864864,0.9517186167430465,0.8709347,37,6,0.2,0.2740740740740741
1199,752.3560000000001,854.7606,0.1843202668890742,0.19230453349387974,0.12726213,0.0049816288348398,0.005142378011606335,0.005388266,0.965065502183406,0.9517186167430465,0.8709347,37,6,0.2,0.2740740740740741
2139,1066.7657777777779,1407.925,0.1799906498363721,0.20564096136491425,0.13011023,0.0048646121577397,0.005636316047541636,0.0056267306,0.9922680412371134,0.9632870832022316,0.9100317,37,6,0.3,0.2740740740740741
2003,1066.7657777777779,1407.925,0.1857214178731902,0.20564096136491425,0.13011023,0.0050194977803564,0.005636316047541636,0.0056267306,0.96875,0.9632870832022316,0.9100317,37,6,0.3,0.2740740740740741
2124,1066.7657777777779,1407.925,0.1817325800376648,0.20564096136491425,0.13011023,0.0049116913523693,0.005636316047541636,0.0056267306,0.9897435897435898,0.9632870832022316,0.9100317,37,6,0.3,0.2740740740740741
196,136.18107142857144,-1284.5664,0.2602040816326531,0.09838464269460338,0.18244955,0.0041302235179786,0.0023424914927285922,0.004076586,0.7846153846153846,0.36506469840227324,0.7319504,63,2,0.05,0.4666666666666667
284,136.18107142857144,-1284.5664,0.2323943661971831,0.09838464269460338,0.18244955,0.0036887994634473,0.0023424914927285922,0.004076586,0.868421052631579,0.36506469840227324,0.7319504,63,2,0.05,0.4666666666666667
170,136.18107142857144,-1284.5664,0.1117647058823529,0.09838464269460338,0.18244955,0.0017740429505135,0.0023424914927285922,0.004076586,0.4222222222222222,0.36506469840227324,0.7319504,63,2,0.05,0.4666666666666667
389,381.3102261904761,-1007.9843,0.2699228791773779,0.187677670892914,0.18387362,0.0042844901456726,0.004492688996221601,0.004195818,0.8333333333333334,0.8632718560674505,0.7514989,63,2,0.1,0.4666666666666667
478,381.3102261904761,-1007.9843,0.2803347280334728,0.187677670892914,0.18387362,0.0044497575878329,0.004492688996221601,0.004195818,0.881578947368421,0.8632718560674505,0.7514989,63,2,0.1,0.4666666666666667
358,381.3102261904761,-1007.9843,0.2541899441340782,0.187677670892914,0.18387362,0.0040347610180012,0.004492688996221601,0.004195818,0.7647058823529411,0.8632718560674505,0.7514989,63,2,0.1,0.4666666666666667
758,763.352023809524,-454.8194,0.2836411609498681,0.2200946055315825,0.18672171,0.0045022406499979,0.005240347750751914,0.0044342834,0.9598214285714286,0.9536596144315256,0.7905958,63,2,0.2,0.4666666666666667
1111,763.352023809524,-454.8194,0.2079207920792079,0.2200946055315825,0.18672171,0.0033003300330033,0.005240347750751914,0.0044342834,0.9746835443037974,0.9536596144315256,0.7905958,63,2,0.2,0.4666666666666667
1172,763.352023809524,-454.8194,0.2116040955631399,0.2200946055315825,0.18672171,0.0033587951676688,0.005240347750751914,0.0044342834,0.9612403100775194,0.9536596144315256,0.7905958,63,2,0.2,0.4666666666666667
1666,1069.8675714285716,98.34465,0.2232893157262905,0.22639949495839964,0.18956983,0.0035442748527982,0.005390464165676147,0.004672748,0.9712793733681462,0.9553059326894126,0.8296927,63,2,0.3,0.4666666666666667
1225,1069.8675714285716,98.34465,0.2995918367346938,0.22639949495839964,0.18956983,0.0047554259799157,0.005390464165676147,0.004672748,0.9483204134366924,0.9553059326894126,0.8296927,63,2,0.3,0.4666666666666667
1343,1069.8675714285716,98.34465,0.2740134028294862,0.22639949495839964,0.18956983,0.0043494190925315,0.005390464165676147,0.004672748,0.9633507853403142,0.9553059326894126,0.8296927,63,2,0.3,0.4666666666666667
155,174.7769841269841,-1297.4246,0.1096774193548387,0.12412334342812574,0.182358,0.0017409114183307,0.0029803576532089144,0.004071228,0.2982456140350877,0.5289555874364129,0.7310383,63,3,0.05,0.4666666666666667
162,174.7769841269841,-1297.4246,0.1481481481481481,0.12412334342812574,0.182358,0.0023515579071134,0.0029803576532089144,0.004071228,0.3870967741935484,0.5289555874364129,0.7310383,63,3,0.05,0.4666666666666667
153,174.7769841269841,-1297.4246,0.1437908496732026,0.12412334342812574,0.182358,0.0022823944392571,0.0029803576532089144,0.004071228,0.4074074074074074,0.5289555874364129,0.7310383,63,3,0.05,0.4666666666666667
418,405.6162857142857,-1020.842,0.2703349282296651,0.19312747954022128,0.18378206,0.00429103060682,0.004620995966753761,0.004190461,0.875968992248062,0.9083425040845473,0.7505868,63,3,0.1,0.4666666666666667
360,405.6162857142857,-1020.842,0.2472222222222222,0.19312747954022128,0.18378206,0.0039241622574955,0.004620995966753761,0.004190461,0.8317757009345794,0.9083425040845473,0.7505868,63,3,0.1,0.4666666666666667
399,405.6162857142857,-1020.842,0.2731829573934837,0.19312747954022128,0.18378206,0.0043362374189441,0.004620995966753761,0.004190461,0.8074074074074075,0.9083425040845473,0.7505868,63,3,0.1,0.4666666666666667
829,840.2376666666668,-467.67755,0.2834740651387213,0.21285985244191405,0.18663016,0.0044995883355352,0.005068091724807442,0.0044289255,0.9437751004016064,0.9600971447880257,0.78968376,63,3,0.2,0.4666666666666667
892,840.2376666666668,-467.67755,0.2769058295964126,0.21285985244191405,0.18663016,0.0043953306285144,0.005068091724807442,0.0044289255,0.9427480916030534,0.9600971447880257,0.78968376,63,3,0.2,0.4666666666666667
770,840.2376666666668,-467.67755,0.2896103896103896,0.21285985244191405,0.18663016,0.004596990311276,0.005068091724807442,0.0044289255,0.948936170212766,0.9600971447880257,0.78968376,63,3,0.2,0.4666666666666667
1261,1149.2682142857138,85.48674,0.2791435368754956,0.21099526150269438,0.18947828,0.0044308497916745,0.005023696702445052,0.00466739,0.991549295774648,0.956542956688266,0.82878065,63,3,0.3,0.4666666666666667
1260,1149.2682142857138,85.48674,0.3,0.21099526150269438,0.18947828,0.0047619047619047,0.005023696702445052,0.00466739,0.9692307692307692,0.956542956688266,0.82878065,63,3,0.3,0.4666666666666667
1144,1149.2682142857138,85.48674,0.3173076923076923,0.21099526150269438,0.18947828,0.00503663003663,0.005023696702445052,0.00466739,0.9552631578947368,0.956542956688266,0.82878065,63,3,0.3,0.4666666666666667
217,205.83716666666666,-1310.282,0.2488479262672811,0.16945498306338813,0.18226643,0.0039499670836076,0.004034642453890141,0.004065871,0.7714285714285715,0.7459827646655355,0.73012626,63,4,0.05,0.4666666666666667
335,205.83716666666666,-1310.282,0.1970149253731343,0.16945498306338813,0.18226643,0.0031272210376687,0.004034642453890141,0.004065871,0.9850746268656716,0.7459827646655355,0.73012626,63,4,0.05,0.4666666666666667
153,205.83716666666666,-1310.282,0.0784313725490196,0.16945498306338813,0.18226643,0.001244942421413,0.004034642453890141,0.004065871,0.24,0.7459827646655355,0.73012626,63,4,0.05,0.4666666666666667
456,414.64330158730155,-1033.7002,0.2302631578947368,0.17948603723673845,0.18369052,0.0036549707602339,0.004273477077065136,0.004185103,0.9130434782608696,0.9083340778456339,0.74967474,63,4,0.1,0.4666666666666667
501,414.64330158730155,-1033.7002,0.2435129740518962,0.17948603723673845,0.18369052,0.003865285302411,0.004273477077065136,0.004185103,0.8905109489051095,0.9083340778456339,0.74967474,63,4,0.1,0.4666666666666667
521,414.64330158730155,-1033.7002,0.2495201535508637,0.17948603723673845,0.18369052,0.0039606373579502,0.004273477077065136,0.004185103,0.9848484848484848,0.9083340778456339,0.74967474,63,4,0.1,0.4666666666666667
730,760.4454801587301,-480.53558,0.2808219178082192,0.2110443301954716,0.1865386,0.0044574907588606,0.005024865004654062,0.004423568,0.8951965065502183,0.9511407433960793,0.7887717,63,4,0.2,0.4666666666666667
852,760.4454801587301,-480.53558,0.2769953051643192,0.2110443301954716,0.1865386,0.0043967508756241,0.005024865004654062,0.004423568,0.9672131147540984,0.9511407433960793,0.7887717,63,4,0.2,0.4666666666666667
979,760.4454801587301,-480.53558,0.2431052093973442,0.2110443301954716,0.1865386,0.0038588128475768,0.005024865004654062,0.004423568,0.9407114624505928,0.9511407433960793,0.7887717,63,4,0.2,0.4666666666666667
1280,1151.9267619047616,72.62895,0.29765625,0.21503850956723383,0.1893867,0.0047247023809523,0.005119964513505517,0.0046620327,0.981958762886598,0.9784919632796572,0.82786864,63,4,0.3,0.4666666666666667
1246,1151.9267619047616,72.62895,0.3001605136436597,0.21503850956723383,0.1893867,0.0047644525975184,0.005119964513505517,0.0046620327,0.9842105263157894,0.9784919632796572,0.82786864,63,4,0.3,0.4666666666666667
1262,1151.9267619047616,72.62895,0.2995245641838351,0.21503850956723383,0.1893867,0.0047543581616481,0.005119964513505517,0.0046620327,0.9569620253164556,0.9784919632796572,0.82786864,63,4,0.3,0.4666666666666667
194,151.70550793650796,-1323.1404,0.1752577319587628,0.12068201987710905,0.18217489,0.0027818687612502,0.0028733814256454316,0.004060513,0.6666666666666666,0.4895581663518651,0.7292142,63,5,0.05,0.4666666666666667
165,151.70550793650796,-1323.1404,0.1333333333333333,0.12068201987710905,0.18217489,0.0021164021164021,0.0028733814256454316,0.004060513,0.3793103448275862,0.4895581663518651,0.7292142,63,5,0.05,0.4666666666666667
412,151.70550793650796,-1323.1404,0.1723300970873786,0.12068201987710905,0.18217489,0.0027353983664663,0.0028733814256454316,0.004060513,0.9861111111111112,0.4895581663518651,0.7292142,63,5,0.05,0.4666666666666667
436,448.04822619047627,-1046.5579,0.2821100917431192,0.1891079744032021,0.18359892,0.0044779379641764,0.004502570819123839,0.0041797454,0.9609375,0.9393152421399682,0.74876267,63,5,0.1,0.4666666666666667
430,448.04822619047627,-1046.5579,0.2651162790697674,0.1891079744032021,0.18359892,0.0042081949058693,0.004502570819123839,0.0041797454,0.9193548387096774,0.9393152421399682,0.74876267,63,5,0.1,0.4666666666666667
484,448.04822619047627,-1046.5579,0.2665289256198347,0.1891079744032021,0.18359892,0.0042306178669815,0.004502570819123839,0.0041797454,0.9699248120300752,0.9393152421399682,0.74876267,63,5,0.1,0.4666666666666667
915,773.8311904761904,-493.39374,0.2830601092896175,0.21204850450815116,0.18644704,0.0044930176077717,0.0050487739168606875,0.00441821,0.9664179104477612,0.9448149477776944,0.7878596,63,5,0.2,0.4666666666666667
1023,773.8311904761904,-493.39374,0.2766373411534701,0.21204850450815116,0.18644704,0.0043910689071979,0.0050487739168606875,0.00441821,0.9895104895104896,0.9448149477776944,0.7878596,63,5,0.2,0.4666666666666667
836,773.8311904761904,-493.39374,0.2954545454545454,0.21204850450815116,0.18644704,0.0046897546897546,0.0050487739168606875,0.00441821,0.95,0.9448149477776944,0.7878596,63,5,0.2,0.4666666666666667
1268,1206.763857142857,59.77068,0.2957413249211356,0.20290705863096822,0.18929516,0.0046943067447799,0.004831120443594451,0.004656675,0.984251968503937,0.9776076925398565,0.8269565,63,5,0.3,0.4666666666666667
1250,1206.763857142857,59.77068,0.2928,0.20290705863096822,0.18929516,0.004647619047619,0.004831120443594451,0.004656675,0.9581151832460733,0.9776076925398565,0.8269565,63,5,0.3,0.4666666666666667
1642,1206.763857142857,59.77068,0.2259439707673569,0.20290705863096822,0.18929516,0.0035864122344024,0.004831120443594451,0.004656675,0.9946380697050938,0.9776076925398565,0.8269565,63,5,0.3,0.4666666666666667
142,165.8616071428571,-1335.9983,0.1197183098591549,0.10966528776877904,0.18208331,0.0019002906326849,0.0026224795313735355,0.0040551554,0.2741935483870967,0.5037310124797455,0.7283021,63,6,0.05,0.4666666666666667
147,165.8616071428571,-1335.9983,0.1088435374149659,0.10966528776877904,0.18208331,0.0017276751970629,0.0026224795313735355,0.0040551554,0.2666666666666666,0.5037310124797455,0.7283021,63,6,0.05,0.4666666666666667
321,165.8616071428571,-1335.9983,0.2087227414330218,0.10966528776877904,0.18208331,0.0033130593878257,0.0026224795313735355,0.0040551554,0.943661971830986,0.5037310124797455,0.7283021,63,6,0.05,0.4666666666666667
343,397.4042500000001,-1059.416,0.2332361516034985,0.1886244727907335,0.18350737,0.0037021611365634,0.004491058875969813,0.0041743875,0.7142857142857143,0.9248575241396888,0.7478506,63,6,0.1,0.4666666666666667
495,397.4042500000001,-1059.416,0.2585858585858586,0.1886244727907335,0.18350737,0.0041045374378707,0.004491058875969813,0.0041743875,0.927536231884058,0.9248575241396888,0.7478506,63,6,0.1,0.4666666666666667
503,397.4042500000001,-1059.416,0.246520874751491,0.1886244727907335,0.18350737,0.0039130297579601,0.004491058875969813,0.0041743875,0.9612403100775194,0.9248575241396888,0.7478506,63,6,0.1,0.4666666666666667
842,809.8262142857144,-506.2514,0.2624703087885985,0.20561830916743226,0.18635547,0.0041661953775968,0.004895674027795974,0.004412852,0.973568281938326,0.9628857778403899,0.78694755,63,6,0.2,0.4666666666666667
831,809.8262142857144,-506.2514,0.286401925391095,0.20561830916743226,0.18635547,0.0045460623077951,0.004895674027795974,0.004412852,0.952,0.9628857778403899,0.78694755,63,6,0.2,0.4666666666666667
1044,809.8262142857144,-506.2514,0.2576628352490421,0.20561830916743226,0.18635547,0.0040898862737943,0.004895674027795974,0.004412852,0.9817518248175182,0.9628857778403899,0.78694755,63,6,0.2,0.4666666666666667
1244,1095.0733333333335,46.91289,0.2805466237942122,0.22784604788969554,0.18920358,0.0044531210126065,0.0054249059021355935,0.0046513174,0.9775910364145658,0.9630420336913277,0.8260445,63,6,0.3,0.4666666666666667
1330,1095.0733333333335,46.91289,0.2639097744360902,0.22784604788969554,0.18920358,0.004189044038668,0.0054249059021355935,0.0046513174,0.9943342776203966,0.9630420336913277,0.8260445,63,6,0.3,0.4666666666666667
1355,1095.0733333333335,46.91289,0.2730627306273063,0.22784604788969554,0.18920358,0.0043343290575762,0.0054249059021355935,0.0046513174,0.9762532981530344,0.9630420336913277,0.8260445,63,6,0.3,0.4666666666666667
