warehouse_width,warehouse_height,num_robots,num_workstations,order_density,total_orders,completed_orders,completion_time,orders_per_step,robot_efficiency,completion_rate,shelf_count,robot_ratio,sample_id
30,50,4,2,0.05,23,21,808,0.02599009900990099,0.006497524752475247,0.9130434782608695,480,0.01,0
30,50,4,2,0.05,28,24,930,0.025806451612903226,0.0064516129032258064,0.8571428571428571,480,0.01,1
30,50,4,2,0.05,27,24,960,0.025,0.00625,0.8888888888888888,480,0.01,2
30,50,4,2,0.1,57,56,1803,0.03105934553521908,0.00776483638380477,0.9824561403508771,480,0.01,3
30,50,4,2,0.1,41,39,1337,0.02916978309648467,0.007292445774121167,0.9512195121951219,480,0.01,4
30,50,4,2,0.1,49,47,1458,0.03223593964334705,0.008058984910836762,0.9591836734693877,480,0.01,5
30,50,4,2,0.2,102,100,3530,0.028328611898016998,0.007082152974504249,0.9803921568627451,480,0.01,6
30,50,4,2,0.2,98,95,3628,0.026185226019845645,0.006546306504961411,0.9693877551020408,480,0.01,7
30,50,4,2,0.2,100,99,3310,0.029909365558912385,0.007477341389728096,0.99,480,0.01,8
30,50,4,2,0.3,170,168,5281,0.03181215678848703,0.007953039197121757,0.9882352941176471,480,0.01,9
30,50,4,2,0.3,133,130,4552,0.028558875219683654,0.0071397188049209135,0.9774436090225563,480,0.01,10
30,50,4,2,0.3,145,143,5063,0.028244124037132137,0.007061031009283034,0.9862068965517241,480,0.01,11
30,50,4,3,0.05,28,26,900,0.028888888888888888,0.007222222222222222,0.9285714285714286,480,0.01,12
30,50,4,3,0.05,13,10,483,0.020703933747412008,0.005175983436853002,0.7692307692307693,480,0.01,13
30,50,4,3,0.05,34,33,1195,0.027615062761506277,0.006903765690376569,0.9705882352941176,480,0.01,14
30,50,4,3,0.1,52,49,1647,0.029751062537947785,0.007437765634486946,0.9423076923076923,480,0.01,15
30,50,4,3,0.1,49,46,1525,0.03016393442622951,0.0075409836065573775,0.9387755102040817,480,0.01,16
30,50,4,3,0.1,47,45,1714,0.026254375729288213,0.006563593932322053,0.9574468085106383,480,0.01,17
30,50,4,3,0.2,87,84,2978,0.028206850235057087,0.007051712558764272,0.9655172413793104,480,0.01,18
30,50,4,3,0.2,81,79,2757,0.028654334421472614,0.0071635836053681535,0.9753086419753086,480,0.01,19
30,50,4,3,0.2,98,96,3756,0.025559105431309903,0.006389776357827476,0.9795918367346939,480,0.01,20
30,50,4,3,0.3,136,134,4862,0.027560674619498148,0.006890168654874537,0.9852941176470589,480,0.01,21
30,50,4,3,0.3,136,134,4807,0.02787601414603703,0.006969003536509258,0.9852941176470589,480,0.01,22
30,50,4,3,0.3,136,135,4654,0.029007305543618394,0.0072518263859045985,0.9926470588235294,480,0.01,23
30,50,4,4,0.05,19,15,638,0.023510971786833857,0.005877742946708464,0.7894736842105263,480,0.01,24
30,50,4,4,0.05,21,20,685,0.029197080291970802,0.0072992700729927005,0.9523809523809523,480,0.01,25
30,50,4,4,0.05,26,24,822,0.029197080291970802,0.0072992700729927005,0.9230769230769231,480,0.01,26
30,50,4,4,0.1,54,51,1751,0.02912621359223301,0.007281553398058253,0.9444444444444444,480,0.01,27
30,50,4,4,0.1,49,47,1717,0.027373325567850902,0.0068433313919627255,0.9591836734693877,480,0.01,28
30,50,4,4,0.1,43,42,1547,0.027149321266968326,0.006787330316742082,0.9767441860465116,480,0.01,29
30,50,4,4,0.2,103,101,3778,0.026733721545791424,0.006683430386447856,0.9805825242718447,480,0.01,30
30,50,4,4,0.2,97,94,3248,0.02894088669950739,0.007235221674876847,0.9690721649484536,480,0.01,31
30,50,4,4,0.2,93,91,3313,0.027467552067612436,0.006866888016903109,0.978494623655914,480,0.01,32
30,50,4,4,0.3,134,130,4733,0.027466723008662583,0.006866680752165646,0.9701492537313433,480,0.01,33
30,50,4,4,0.3,166,163,5581,0.02920623544167712,0.00730155886041928,0.9819277108433735,480,0.01,34
30,50,4,4,0.3,133,131,4539,0.028860982595285304,0.007215245648821326,0.9849624060150376,480,0.01,35
30,50,4,5,0.05,28,25,931,0.02685284640171858,0.006713211600429645,0.8928571428571429,480,0.01,36
30,50,4,5,0.05,32,31,1157,0.02679343128781331,0.006698357821953328,0.96875,480,0.01,37
30,50,4,5,0.05,26,24,854,0.02810304449648712,0.00702576112412178,0.9230769230769231,480,0.01,38
30,50,4,5,0.1,43,41,1598,0.025657071339173967,0.006414267834793492,0.9534883720930233,480,0.01,39
30,50,4,5,0.1,52,51,1945,0.02622107969151671,0.0065552699228791774,0.9807692307692307,480,0.01,40
30,50,4,5,0.1,45,43,1447,0.029716655148583276,0.007429163787145819,0.9555555555555556,480,0.01,41
30,50,4,5,0.2,104,101,3415,0.02957540263543192,0.00739385065885798,0.9711538461538461,480,0.01,42
30,50,4,5,0.2,100,96,3431,0.027980180705333722,0.006995045176333431,0.96,480,0.01,43
30,50,4,5,0.2,104,103,3532,0.029161947904869763,0.007290486976217441,0.9903846153846154,480,0.01,44
30,50,4,5,0.3,134,131,4739,0.027642962650348175,0.006910740662587044,0.9776119402985075,480,0.01,45
30,50,4,5,0.3,145,142,5027,0.028247463696041378,0.0070618659240103444,0.9793103448275862,480,0.01,46
30,50,4,5,0.3,140,137,4654,0.02943704340352385,0.007359260850880962,0.9785714285714285,480,0.01,47
30,50,4,6,0.05,27,26,989,0.0262891809908999,0.006572295247724975,0.9629629629629629,480,0.01,48
30,50,4,6,0.05,19,16,593,0.026981450252951095,0.006745362563237774,0.8421052631578947,480,0.01,49
30,50,4,6,0.05,17,15,578,0.025951557093425604,0.006487889273356401,0.8823529411764706,480,0.01,50
30,50,4,6,0.1,44,41,1383,0.02964569775849602,0.007411424439624005,0.9318181818181818,480,0.01,51
30,50,4,6,0.1,60,58,2246,0.025823686553873553,0.006455921638468388,0.9666666666666667,480,0.01,52
30,50,4,6,0.1,60,58,2012,0.02882703777335984,0.00720675944333996,0.9666666666666667,480,0.01,53
30,50,4,6,0.2,100,98,3524,0.027809307604994324,0.006952326901248581,0.98,480,0.01,54
30,50,4,6,0.2,98,96,3354,0.028622540250447227,0.007155635062611807,0.9795918367346939,480,0.01,55
30,50,4,6,0.2,97,95,3274,0.029016493585827734,0.007254123396456934,0.979381443298969,480,0.01,56
30,50,4,6,0.3,149,146,5094,0.02866117000392619,0.007165292500981547,0.9798657718120806,480,0.01,57
30,50,4,6,0.3,153,150,5272,0.028452200303490136,0.007113050075872534,0.9803921568627451,480,0.01,58
30,50,4,6,0.3,139,136,4908,0.027709861450692746,0.0069274653626731865,0.9784172661870504,480,0.01,59
30,50,9,2,0.05,16,11,200,0.055,0.006111111111111111,0.6875,480,0.02,60
30,50,9,2,0.05,28,23,437,0.05263157894736842,0.005847953216374269,0.8214285714285714,480,0.02,61
30,50,9,2,0.05,23,19,351,0.05413105413105413,0.006014561570117125,0.8260869565217391,480,0.02,62
30,50,9,2,0.1,31,27,519,0.05202312138728324,0.005780346820809248,0.8709677419354839,480,0.02,63
30,50,9,2,0.1,54,49,784,0.0625,0.006944444444444444,0.9074074074074074,480,0.02,64
30,50,9,2,0.1,55,50,751,0.06657789613848203,0.007397544015386891,0.9090909090909091,480,0.02,65
30,50,9,2,0.2,95,93,1524,0.0610236220472441,0.006780402449693788,0.9789473684210527,480,0.02,66
30,50,9,2,0.2,93,88,1360,0.06470588235294118,0.00718954248366013,0.946236559139785,480,0.02,67
30,50,9,2,0.2,102,95,1461,0.0650239561943874,0.0072248840215986005,0.9313725490196079,480,0.02,68
30,50,9,2,0.3,146,143,2167,0.06598984771573604,0.007332205301748449,0.9794520547945206,480,0.02,69
30,50,9,2,0.3,141,135,2239,0.06029477445288075,0.006699419383653417,0.9574468085106383,480,0.02,70
30,50,9,2,0.3,138,135,2289,0.05897771952817824,0.00655307994757536,0.9782608695652174,480,0.02,71
30,50,9,3,0.05,31,25,476,0.052521008403361345,0.005835667600373483,0.8064516129032258,480,0.02,72
30,50,9,3,0.05,20,18,327,0.05504587155963303,0.0061162079510703364,0.9,480,0.02,73
30,50,9,3,0.05,29,26,485,0.05360824742268041,0.005956471935853379,0.896551724137931,480,0.02,74
30,50,9,3,0.1,50,45,702,0.0641025641025641,0.007122507122507123,0.9,480,0.02,75
30,50,9,3,0.1,58,56,907,0.06174200661521499,0.0068602229572461105,0.9655172413793104,480,0.02,76
30,50,9,3,0.1,52,48,816,0.058823529411764705,0.006535947712418301,0.9230769230769231,480,0.02,77
30,50,9,3,0.2,90,86,1396,0.06160458452722063,0.0068449538363578475,0.9555555555555556,480,0.02,78
30,50,9,3,0.2,80,77,1307,0.05891354246365723,0.006545949162628581,0.9625,480,0.02,79
30,50,9,3,0.2,101,97,1509,0.06428098078197482,0.007142331197997202,0.9603960396039604,480,0.02,80
30,50,9,3,0.3,152,149,2219,0.06714736367733214,0.007460818186370237,0.9802631578947368,480,0.02,81
30,50,9,3,0.3,141,136,2518,0.054011119936457505,0.0060012355484952784,0.9645390070921985,480,0.02,82
30,50,9,3,0.3,146,144,2412,0.05970149253731343,0.006633499170812604,0.9863013698630136,480,0.02,83
30,50,9,4,0.05,27,25,452,0.05530973451327434,0.006145526057030482,0.9259259259259259,480,0.02,84
30,50,9,4,0.05,19,16,302,0.052980132450331126,0.005886681383370125,0.8421052631578947,480,0.02,85
30,50,9,4,0.05,15,12,261,0.04597701149425287,0.005108556832694764,0.8,480,0.02,86
30,50,9,4,0.1,59,52,911,0.0570801317233809,0.006342236858153433,0.8813559322033898,480,0.02,87
30,50,9,4,0.1,47,45,730,0.06164383561643835,0.00684931506849315,0.9574468085106383,480,0.02,88
30,50,9,4,0.1,57,53,854,0.06206088992974239,0.006895654436638044,0.9298245614035088,480,0.02,89
30,50,9,4,0.2,91,86,1429,0.06018194541637509,0.006686882824041677,0.945054945054945,480,0.02,90
30,50,9,4,0.2,96,91,1544,0.05893782383419689,0.006548647092688544,0.9479166666666666,480,0.02,91
30,50,9,4,0.2,88,83,1448,0.057320441988950276,0.006368937998772253,0.9431818181818182,480,0.02,92
30,50,9,4,0.3,140,137,2231,0.061407440609592114,0.0068230489566213455,0.9785714285714285,480,0.02,93
30,50,9,4,0.3,141,136,2234,0.06087735004476276,0.00676415000497364,0.9645390070921985,480,0.02,94
30,50,9,4,0.3,146,142,2419,0.058701942951632904,0.00652243810573699,0.9726027397260274,480,0.02,95
30,50,9,5,0.05,17,12,242,0.049586776859504134,0.005509641873278237,0.7058823529411765,480,0.02,96
30,50,9,5,0.05,30,24,417,0.05755395683453238,0.006394884092725819,0.8,480,0.02,97
30,50,9,5,0.05,28,23,430,0.053488372093023255,0.005943152454780362,0.8214285714285714,480,0.02,98
30,50,9,5,0.1,50,47,786,0.05979643765903308,0.006644048628781454,0.94,480,0.02,99
30,50,9,5,0.1,49,46,719,0.06397774687065369,0.007108638541183743,0.9387755102040817,480,0.02,100
30,50,9,5,0.1,38,33,628,0.052547770700636945,0.00583864118895966,0.868421052631579,480,0.02,101
30,50,9,5,0.2,118,117,1973,0.059300557526609225,0.006588950836289914,0.9915254237288136,480,0.02,102
30,50,9,5,0.2,89,86,1326,0.06485671191553545,0.007206301323948383,0.9662921348314607,480,0.02,103
30,50,9,5,0.2,92,88,1447,0.0608154803040774,0.006757275589341934,0.9565217391304348,480,0.02,104
30,50,9,5,0.3,141,139,2182,0.06370302474793767,0.007078113860881963,0.9858156028368794,480,0.02,105
30,50,9,5,0.3,130,123,1910,0.06439790575916231,0.0071553228621291445,0.9461538461538461,480,0.02,106
30,50,9,5,0.3,147,140,2197,0.06372325898953118,0.007080362109947909,0.9523809523809523,480,0.02,107
30,50,9,6,0.05,20,15,269,0.055762081784386616,0.006195786864931847,0.75,480,0.02,108
30,50,9,6,0.05,25,21,378,0.05555555555555555,0.006172839506172839,0.84,480,0.02,109
30,50,9,6,0.05,17,12,239,0.0502092050209205,0.005578800557880056,0.7058823529411765,480,0.02,110
30,50,9,6,0.1,42,34,597,0.05695142378559464,0.006327935976177182,0.8095238095238095,480,0.02,111
30,50,9,6,0.1,38,33,585,0.05641025641025641,0.0062678062678062675,0.868421052631579,480,0.02,112
30,50,9,6,0.1,49,48,768,0.0625,0.006944444444444444,0.9795918367346939,480,0.02,113
30,50,9,6,0.2,94,91,1548,0.05878552971576227,0.006531725523973586,0.9680851063829787,480,0.02,114
30,50,9,6,0.2,79,76,1275,0.0596078431372549,0.006623093681917211,0.9620253164556962,480,0.02,115
30,50,9,6,0.2,72,70,1132,0.061837455830388695,0.006870828425598744,0.9722222222222222,480,0.02,116
30,50,9,6,0.3,149,141,2426,0.058120362737015666,0.006457818081890629,0.9463087248322147,480,0.02,117
30,50,9,6,0.3,130,126,2151,0.058577405857740586,0.006508600650860065,0.9692307692307692,480,0.02,118
30,50,9,6,0.3,130,127,2017,0.06296479920674268,0.006996088800749188,0.9769230769230769,480,0.02,119
30,50,14,2,0.05,27,17,261,0.06513409961685823,0.004652435686918446,0.6296296296296297,480,0.03,120
30,50,14,2,0.05,21,16,200,0.08,0.005714285714285714,0.7619047619047619,480,0.03,121
30,50,14,2,0.05,19,15,226,0.06637168141592921,0.004740834386852086,0.7894736842105263,480,0.03,122
30,50,14,2,0.1,47,41,488,0.08401639344262295,0.006001170960187353,0.8723404255319149,480,0.03,123
30,50,14,2,0.1,44,38,462,0.08225108225108226,0.005875077303648732,0.8636363636363636,480,0.03,124
30,50,14,2,0.1,50,46,577,0.07972270363951472,0.00569447883139391,0.92,480,0.03,125
30,50,14,2,0.2,99,90,925,0.0972972972972973,0.0069498069498069494,0.9090909090909091,480,0.03,126
30,50,14,2,0.2,114,110,1182,0.09306260575296109,0.006647328982354363,0.9649122807017544,480,0.03,127
30,50,14,2,0.2,101,95,1018,0.09332023575638507,0.006665731125456076,0.9405940594059405,480,0.03,128
30,50,14,2,0.3,147,142,1457,0.09746053534660261,0.006961466810471615,0.9659863945578231,480,0.03,129
30,50,14,2,0.3,157,152,1690,0.08994082840236686,0.006424344885883348,0.9681528662420382,480,0.03,130
30,50,14,2,0.3,130,123,1223,0.10057236304170074,0.0071837402172643386,0.9461538461538461,480,0.03,131
30,50,14,3,0.05,23,22,299,0.07357859531772576,0.005255613951266125,0.9565217391304348,480,0.03,132
30,50,14,3,0.05,33,26,296,0.08783783783783784,0.006274131274131274,0.7878787878787878,480,0.03,133
30,50,14,3,0.05,33,29,361,0.08033240997229917,0.005738029283735655,0.8787878787878788,480,0.03,134
30,50,14,3,0.1,47,45,551,0.08166969147005444,0.005833549390718174,0.9574468085106383,480,0.03,135
30,50,14,3,0.1,45,41,446,0.09192825112107623,0.006566303651505445,0.9111111111111111,480,0.03,136
30,50,14,3,0.1,53,47,522,0.09003831417624521,0.006431308155446087,0.8867924528301887,480,0.03,137
30,50,14,3,0.2,98,90,1130,0.07964601769911504,0.005689001264222503,0.9183673469387755,480,0.03,138
30,50,14,3,0.2,91,84,870,0.09655172413793103,0.006896551724137931,0.9230769230769231,480,0.03,139
30,50,14,3,0.2,97,93,1031,0.09020368574199807,0.0064431204101427185,0.9587628865979382,480,0.03,140
30,50,14,3,0.3,160,154,1666,0.09243697478991597,0.006602641056422569,0.9625,480,0.03,141
30,50,14,3,0.3,150,143,1469,0.09734513274336283,0.00695322376738306,0.9533333333333334,480,0.03,142
30,50,14,3,0.3,151,147,1501,0.09793471019320453,0.0069953364423717525,0.9735099337748344,480,0.03,143
30,50,14,4,0.05,17,15,225,0.06666666666666667,0.004761904761904762,0.8823529411764706,480,0.03,144
30,50,14,4,0.05,28,23,330,0.0696969696969697,0.004978354978354979,0.8214285714285714,480,0.03,145
30,50,14,4,0.05,19,16,237,0.06751054852320675,0.004822182037371911,0.8421052631578947,480,0.03,146
30,50,14,4,0.1,45,42,510,0.08235294117647059,0.0058823529411764705,0.9333333333333333,480,0.03,147
30,50,14,4,0.1,44,38,430,0.08837209302325581,0.006312292358803987,0.8636363636363636,480,0.03,148
30,50,14,4,0.1,47,38,462,0.08225108225108226,0.005875077303648732,0.8085106382978723,480,0.03,149
30,50,14,4,0.2,82,79,864,0.09143518518518519,0.006531084656084656,0.9634146341463414,480,0.03,150
30,50,14,4,0.2,90,82,869,0.09436133486766399,0.006740095347690284,0.9111111111111111,480,0.03,151
30,50,14,4,0.2,113,110,1180,0.09322033898305085,0.006658595641646489,0.9734513274336283,480,0.03,152
30,50,14,4,0.3,142,134,1464,0.09153005464480875,0.006537861046057768,0.9436619718309859,480,0.03,153
30,50,14,4,0.3,158,155,1605,0.09657320872274143,0.006898086337338674,0.9810126582278481,480,0.03,154
30,50,14,4,0.3,124,117,1312,0.08917682926829268,0.006369773519163763,0.9435483870967742,480,0.03,155
30,50,14,5,0.05,26,19,237,0.08016877637130802,0.005726341169379144,0.7307692307692307,480,0.03,156
30,50,14,5,0.05,27,19,278,0.0683453237410072,0.004881808838643371,0.7037037037037037,480,0.03,157
30,50,14,5,0.05,17,12,144,0.08333333333333333,0.005952380952380952,0.7058823529411765,480,0.03,158
30,50,14,5,0.1,43,37,449,0.08240534521158129,0.005886096086541521,0.8604651162790697,480,0.03,159
30,50,14,5,0.1,53,47,547,0.08592321755027423,0.006137372682162445,0.8867924528301887,480,0.03,160
30,50,14,5,0.1,43,31,431,0.07192575406032482,0.005137553861451773,0.7209302325581395,480,0.03,161
30,50,14,5,0.2,103,96,1142,0.0840630472854641,0.00600450337753315,0.9320388349514563,480,0.03,162
30,50,14,5,0.2,102,101,1123,0.08993766696349065,0.0064241190688207606,0.9901960784313726,480,0.03,163
30,50,14,5,0.2,107,106,1176,0.09013605442176871,0.006438289601554907,0.9906542056074766,480,0.03,164
30,50,14,5,0.3,141,140,1547,0.09049773755656108,0.006464124111182934,0.9929078014184397,480,0.03,165
30,50,14,5,0.3,150,142,1527,0.09299279633267846,0.006642342595191318,0.9466666666666667,480,0.03,166
30,50,14,5,0.3,147,143,1555,0.09196141479099679,0.006568672485071199,0.9727891156462585,480,0.03,167
30,50,14,6,0.05,29,26,341,0.07624633431085044,0.005446166736489317,0.896551724137931,480,0.03,168
30,50,14,6,0.05,14,3,111,0.02702702702702703,0.0019305019305019305,0.21428571428571427,480,0.03,169
30,50,14,6,0.05,30,21,287,0.07317073170731707,0.005226480836236934,0.7,480,0.03,170
30,50,14,6,0.1,43,41,462,0.08874458874458875,0.0063388991960420535,0.9534883720930233,480,0.03,171
30,50,14,6,0.1,41,40,455,0.08791208791208792,0.006279434850863423,0.975609756097561,480,0.03,172
30,50,14,6,0.1,55,53,579,0.09153713298791019,0.006538366641993585,0.9636363636363636,480,0.03,173
30,50,14,6,0.2,97,93,1093,0.08508691674290943,0.006077636910207816,0.9587628865979382,480,0.03,174
30,50,14,6,0.2,90,87,953,0.0912906610703043,0.006520761505021736,0.9666666666666667,480,0.03,175
30,50,14,6,0.2,80,76,914,0.08315098468271334,0.005939356048765239,0.95,480,0.03,176
30,50,14,6,0.3,150,144,1515,0.09504950495049505,0.006789250353606789,0.96,480,0.03,177
30,50,14,6,0.3,125,118,1268,0.09305993690851735,0.006647138350608382,0.944,480,0.03,178
30,50,14,6,0.3,126,123,1352,0.09097633136094675,0.006498309382924767,0.9761904761904762,480,0.03,179
30,50,24,2,0.05,20,4,114,0.03508771929824561,0.0014619883040935672,0.2,480,0.05,180
30,50,24,2,0.05,26,24,172,0.13953488372093023,0.005813953488372093,0.9230769230769231,480,0.05,181
30,50,24,2,0.05,30,23,174,0.13218390804597702,0.005507662835249042,0.7666666666666667,480,0.05,182
30,50,24,2,0.1,50,45,317,0.14195583596214512,0.005914826498422713,0.9,480,0.05,183
30,50,24,2,0.1,45,36,243,0.14814814814814814,0.006172839506172839,0.8,480,0.05,184
30,50,24,2,0.1,45,42,318,0.1320754716981132,0.00550314465408805,0.9333333333333333,480,0.05,185
30,50,24,2,0.2,88,85,657,0.1293759512937595,0.005390664637239979,0.9659090909090909,480,0.05,186
30,50,24,2,0.2,91,82,517,0.15860735009671179,0.006608639587362992,0.9010989010989011,480,0.05,187
30,50,24,2,0.2,97,91,639,0.14241001564945227,0.005933750652060511,0.9381443298969072,480,0.05,188
30,50,24,2,0.3,177,165,979,0.16853932584269662,0.007022471910112359,0.9322033898305084,480,0.05,189
30,50,24,2,0.3,124,113,713,0.1584852734922861,0.0066035530621785885,0.9112903225806451,480,0.05,190
30,50,24,2,0.3,159,150,992,0.15120967741935484,0.006300403225806451,0.9433962264150944,480,0.05,191
30,50,24,3,0.05,25,15,156,0.09615384615384616,0.004006410256410256,0.6,480,0.05,192
30,50,24,3,0.05,22,7,97,0.07216494845360824,0.003006872852233677,0.3181818181818182,480,0.05,193
30,50,24,3,0.05,23,5,119,0.04201680672268908,0.0017507002801120449,0.21739130434782608,480,0.05,194
30,50,24,3,0.1,60,53,406,0.13054187192118227,0.005439244663382595,0.8833333333333333,480,0.05,195
30,50,24,3,0.1,54,51,396,0.12878787878787878,0.005366161616161616,0.9444444444444444,480,0.05,196
30,50,24,3,0.1,52,45,365,0.1232876712328767,0.005136986301369863,0.8653846153846154,480,0.05,197
30,50,24,3,0.2,91,82,545,0.15045871559633028,0.006269113149847095,0.9010989010989011,480,0.05,198
30,50,24,3,0.2,96,87,593,0.1467116357504216,0.006112984822934233,0.90625,480,0.05,199
30,50,24,3,0.2,99,91,574,0.15853658536585366,0.0066056910569105695,0.9191919191919192,480,0.05,200
30,50,24,3,0.3,134,131,869,0.15074798619102417,0.006281166091292673,0.9776119402985075,480,0.05,201
30,50,24,3,0.3,133,130,985,0.1319796954314721,0.005499153976311337,0.9774436090225563,480,0.05,202
30,50,24,3,0.3,143,135,906,0.1490066225165563,0.006208609271523178,0.9440559440559441,480,0.05,203
30,50,24,4,0.05,27,24,215,0.11162790697674418,0.004651162790697674,0.8888888888888888,480,0.05,204
30,50,24,4,0.05,25,7,115,0.06086956521739131,0.002536231884057971,0.28,480,0.05,205
30,50,24,4,0.05,23,4,104,0.038461538461538464,0.0016025641025641025,0.17391304347826086,480,0.05,206
30,50,24,4,0.1,45,28,236,0.11864406779661017,0.0049435028248587575,0.6222222222222222,480,0.05,207
30,50,24,4,0.1,47,34,258,0.13178294573643412,0.005490956072351421,0.723404255319149,480,0.05,208
30,50,24,4,0.1,50,43,320,0.134375,0.005598958333333333,0.86,480,0.05,209
30,50,24,4,0.2,87,79,524,0.15076335877862596,0.006281806615776081,0.9080459770114943,480,0.05,210
30,50,24,4,0.2,87,84,633,0.13270142180094788,0.005529225908372828,0.9655172413793104,480,0.05,211
30,50,24,4,0.2,100,94,641,0.14664586583463338,0.006110244409776391,0.94,480,0.05,212
30,50,24,4,0.3,146,144,926,0.15550755939524838,0.0064794816414686825,0.9863013698630136,480,0.05,213
30,50,24,4,0.3,127,123,789,0.155893536121673,0.006495564005069708,0.968503937007874,480,0.05,214
30,50,24,4,0.3,147,142,967,0.1468459152016546,0.0061185798000689415,0.9659863945578231,480,0.05,215
30,50,24,5,0.05,21,2,99,0.020202020202020204,0.0008417508417508417,0.09523809523809523,480,0.05,216
30,50,24,5,0.05,26,18,168,0.10714285714285714,0.004464285714285714,0.6923076923076923,480,0.05,217
30,50,24,5,0.05,18,4,108,0.037037037037037035,0.0015432098765432098,0.2222222222222222,480,0.05,218
30,50,24,5,0.1,48,35,292,0.11986301369863013,0.004994292237442922,0.7291666666666666,480,0.05,219
30,50,24,5,0.1,39,30,250,0.12,0.005,0.7692307692307693,480,0.05,220
30,50,24,5,0.1,30,28,263,0.10646387832699619,0.004435994930291508,0.9333333333333333,480,0.05,221
30,50,24,5,0.2,91,84,628,0.1337579617834395,0.005573248407643312,0.9230769230769231,480,0.05,222
30,50,24,5,0.2,97,86,554,0.1552346570397112,0.006468110709987966,0.8865979381443299,480,0.05,223
30,50,24,5,0.2,98,88,596,0.1476510067114094,0.006152125279642058,0.8979591836734694,480,0.05,224
30,50,24,5,0.3,123,118,822,0.1435523114355231,0.005981346309813463,0.959349593495935,480,0.05,225
30,50,24,5,0.3,137,129,902,0.14301552106430154,0.005958980044345898,0.9416058394160584,480,0.05,226
30,50,24,5,0.3,162,150,1017,0.14749262536873156,0.006145526057030482,0.9259259259259259,480,0.05,227
30,50,24,6,0.05,17,6,117,0.05128205128205128,0.002136752136752137,0.35294117647058826,480,0.05,228
30,50,24,6,0.05,21,5,103,0.04854368932038835,0.0020226537216828477,0.23809523809523808,480,0.05,229
30,50,24,6,0.05,23,11,127,0.08661417322834646,0.0036089238845144356,0.4782608695652174,480,0.05,230
30,50,24,6,0.1,67,62,454,0.13656387665198239,0.0056901615271659324,0.9253731343283582,480,0.05,231
30,50,24,6,0.1,54,43,369,0.11653116531165311,0.00485546522131888,0.7962962962962963,480,0.05,232
30,50,24,6,0.1,38,33,307,0.10749185667752444,0.004478827361563518,0.868421052631579,480,0.05,233
30,50,24,6,0.2,97,91,638,0.1426332288401254,0.005943051201671891,0.9381443298969072,480,0.05,234
30,50,24,6,0.2,89,84,593,0.14165261382799327,0.005902192242833052,0.9438202247191011,480,0.05,235
30,50,24,6,0.2,78,68,473,0.14376321353065538,0.005990133897110641,0.8717948717948718,480,0.05,236
30,50,24,6,0.3,154,152,1059,0.14353163361661944,0.005980484734025811,0.987012987012987,480,0.05,237
30,50,24,6,0.3,149,143,899,0.15906562847608455,0.0066277345198368556,0.959731543624161,480,0.05,238
30,50,24,6,0.3,155,145,1033,0.1403678606001936,0.005848660858341401,0.9354838709677419,480,0.05,239
40,70,8,2,0.05,34,30,707,0.042432814710042434,0.005304101838755304,0.8823529411764706,850,0.01,240
40,70,8,2,0.05,57,53,1180,0.044915254237288135,0.005614406779661017,0.9298245614035088,850,0.01,241
40,70,8,2,0.05,36,32,750,0.042666666666666665,0.005333333333333333,0.8888888888888888,850,0.01,242
40,70,8,2,0.1,80,77,1563,0.04926423544465771,0.006158029430582214,0.9625,850,0.01,243
40,70,8,2,0.1,81,78,1693,0.04607206142941524,0.005759007678676905,0.9629629629629629,850,0.01,244
40,70,8,2,0.1,80,77,1610,0.04782608695652174,0.005978260869565218,0.9625,850,0.01,245
40,70,8,2,0.2,166,158,3382,0.04671791839148433,0.005839739798935541,0.9518072289156626,850,0.01,246
40,70,8,2,0.2,166,162,3204,0.05056179775280899,0.006320224719101123,0.9759036144578314,850,0.01,247
40,70,8,2,0.2,159,153,2795,0.054740608228980324,0.0068425760286225405,0.9622641509433962,850,0.01,248
40,70,8,2,0.3,256,253,4643,0.05449063105750592,0.00681132888218824,0.98828125,850,0.01,249
40,70,8,2,0.3,238,232,4533,0.05118023384072358,0.0063975292300904475,0.9747899159663865,850,0.01,250
40,70,8,2,0.3,254,252,5321,0.04735951888742718,0.005919939860928397,0.9921259842519685,850,0.01,251
40,70,8,3,0.05,37,32,690,0.0463768115942029,0.005797101449275362,0.8648648648648649,850,0.01,252
40,70,8,3,0.05,51,48,925,0.05189189189189189,0.006486486486486486,0.9411764705882353,850,0.01,253
40,70,8,3,0.05,48,46,987,0.04660587639311044,0.005825734549138805,0.9583333333333334,850,0.01,254
40,70,8,3,0.1,78,75,1632,0.04595588235294118,0.0057444852941176475,0.9615384615384616,850,0.01,255
40,70,8,3,0.1,81,78,1503,0.05189620758483034,0.006487025948103792,0.9629629629629629,850,0.01,256
40,70,8,3,0.1,90,86,1771,0.048560135516657256,0.006070016939582157,0.9555555555555556,850,0.01,257
40,70,8,3,0.2,164,162,3432,0.0472027972027972,0.00590034965034965,0.9878048780487805,850,0.01,258
40,70,8,3,0.2,174,171,3338,0.0512282804074296,0.0064035350509287,0.9827586206896551,850,0.01,259
40,70,8,3,0.2,173,170,3457,0.049175585768006944,0.006146948221000868,0.9826589595375722,850,0.01,260
40,70,8,3,0.3,253,247,5263,0.04693140794223827,0.0058664259927797835,0.9762845849802372,850,0.01,261
40,70,8,3,0.3,251,245,5259,0.04658680357482411,0.0058233504468530135,0.9760956175298805,850,0.01,262
40,70,8,3,0.3,250,243,4829,0.050320977428038934,0.006290122178504867,0.972,850,0.01,263
40,70,8,4,0.05,43,41,860,0.047674418604651166,0.005959302325581396,0.9534883720930233,850,0.01,264
40,70,8,4,0.05,59,57,1152,0.049479166666666664,0.006184895833333333,0.9661016949152542,850,0.01,265
40,70,8,4,0.05,33,31,667,0.046476761619190406,0.005809595202398801,0.9393939393939394,850,0.01,266
40,70,8,4,0.1,86,83,1707,0.04862331575864089,0.006077914469830112,0.9651162790697675,850,0.01,267
40,70,8,4,0.1,82,77,1662,0.04632972322503008,0.00579121540312876,0.9390243902439024,850,0.01,268
40,70,8,4,0.1,85,79,1789,0.044158747903856904,0.005519843487982113,0.9294117647058824,850,0.01,269
40,70,8,4,0.2,181,178,3648,0.048793859649122806,0.006099232456140351,0.9834254143646409,850,0.01,270
40,70,8,4,0.2,172,170,3495,0.04864091559370529,0.006080114449213162,0.9883720930232558,850,0.01,271
40,70,8,4,0.2,178,173,3468,0.04988465974625144,0.00623558246828143,0.9719101123595506,850,0.01,272
40,70,8,4,0.3,259,255,4966,0.0513491743858236,0.00641864679822795,0.9845559845559846,850,0.01,273
40,70,8,4,0.3,254,253,5213,0.048532514866679456,0.006066564358334932,0.9960629921259843,850,0.01,274
40,70,8,4,0.3,251,248,5042,0.04918683062276874,0.0061483538278460925,0.9880478087649402,850,0.01,275
40,70,8,5,0.05,39,36,748,0.0481283422459893,0.006016042780748663,0.9230769230769231,850,0.01,276
40,70,8,5,0.05,41,35,845,0.04142011834319527,0.005177514792899409,0.8536585365853658,850,0.01,277
40,70,8,5,0.05,41,36,740,0.04864864864864865,0.006081081081081081,0.8780487804878049,850,0.01,278
40,70,8,5,0.1,86,80,1773,0.04512126339537507,0.0056401579244218835,0.9302325581395349,850,0.01,279
40,70,8,5,0.1,96,92,2113,0.04353999053478467,0.005442498816848084,0.9583333333333334,850,0.01,280
40,70,8,5,0.1,71,64,1480,0.043243243243243246,0.005405405405405406,0.9014084507042254,850,0.01,281
40,70,8,5,0.2,181,179,3515,0.050924608819345664,0.006365576102418208,0.988950276243094,850,0.01,282
40,70,8,5,0.2,173,171,3527,0.04848313013892827,0.006060391267366034,0.9884393063583815,850,0.01,283
40,70,8,5,0.2,161,158,3481,0.04538925596093077,0.005673656995116346,0.9813664596273292,850,0.01,284
40,70,8,5,0.3,234,230,4634,0.04963314630988347,0.006204143288735434,0.9829059829059829,850,0.01,285
40,70,8,5,0.3,275,269,5296,0.05079305135951662,0.006349131419939577,0.9781818181818182,850,0.01,286
40,70,8,5,0.3,238,232,4649,0.0499032049903205,0.006237900623790062,0.9747899159663865,850,0.01,287
40,70,8,6,0.05,54,51,1063,0.04797742238946378,0.005997177798682972,0.9444444444444444,850,0.01,288
40,70,8,6,0.05,40,39,871,0.04477611940298507,0.005597014925373134,0.975,850,0.01,289
40,70,8,6,0.05,34,33,751,0.043941411451398134,0.005492676431424767,0.9705882352941176,850,0.01,290
40,70,8,6,0.1,77,71,1449,0.04899930986887509,0.006124913733609386,0.922077922077922,850,0.01,291
40,70,8,6,0.1,90,87,1888,0.04608050847457627,0.005760063559322034,0.9666666666666667,850,0.01,292
40,70,8,6,0.1,62,56,1264,0.04430379746835443,0.005537974683544304,0.9032258064516129,850,0.01,293
40,70,8,6,0.2,166,162,3306,0.04900181488203267,0.006125226860254083,0.9759036144578314,850,0.01,294
40,70,8,6,0.2,177,174,3502,0.04968589377498572,0.006210736721873215,0.9830508474576272,850,0.01,295
40,70,8,6,0.2,161,154,3230,0.04767801857585139,0.005959752321981424,0.9565217391304348,850,0.01,296
40,70,8,6,0.3,223,222,4609,0.04816663050553265,0.0060208288131915816,0.9955156950672646,850,0.01,297
40,70,8,6,0.3,277,272,5353,0.050812628432654584,0.006351578554081823,0.9819494584837545,850,0.01,298
40,70,8,6,0.3,259,255,5209,0.04895373392205798,0.006119216740257247,0.9845559845559846,850,0.01,299
40,70,17,2,0.05,48,42,459,0.0915032679738562,0.005382545174932718,0.875,850,0.02,300
40,70,17,2,0.05,44,36,416,0.08653846153846154,0.005090497737556561,0.8181818181818182,850,0.02,301
40,70,17,2,0.05,41,36,388,0.09278350515463918,0.005457853244390539,0.8780487804878049,850,0.02,302
40,70,17,2,0.1,95,92,908,0.1013215859030837,0.005960093288416689,0.968421052631579,850,0.02,303
40,70,17,2,0.1,80,77,754,0.10212201591511937,0.006007177406771727,0.9625,850,0.02,304
40,70,17,2,0.1,86,78,797,0.09786700125470514,0.005756882426747361,0.9069767441860465,850,0.02,305
40,70,17,2,0.2,176,166,1654,0.1003627569528416,0.005903691585461271,0.9431818181818182,850,0.02,306
40,70,17,2,0.2,167,165,1598,0.1032540675844806,0.006073768681440036,0.9880239520958084,850,0.02,307
40,70,17,2,0.2,180,172,1870,0.09197860962566845,0.005410506448568732,0.9555555555555556,850,0.02,308
40,70,17,2,0.3,276,271,2551,0.1062328498627989,0.006248991168399935,0.9818840579710145,850,0.02,309
40,70,17,2,0.3,264,263,2617,0.10049675200611387,0.005911573647418463,0.9962121212121212,850,0.02,310
40,70,17,2,0.3,260,257,2587,0.09934286818708929,0.0058436981286523115,0.9884615384615385,850,0.02,311
40,70,17,3,0.05,40,33,411,0.08029197080291971,0.0047230571060541005,0.825,850,0.02,312
40,70,17,3,0.05,39,36,422,0.08530805687203792,0.005018120992472818,0.9230769230769231,850,0.02,313
40,70,17,3,0.05,47,39,404,0.09653465346534654,0.005678509027373326,0.8297872340425532,850,0.02,314
40,70,17,3,0.1,83,72,751,0.09587217043941411,0.005639539437612595,0.8674698795180723,850,0.02,315
40,70,17,3,0.1,97,93,982,0.09470468431771895,0.005570863783395232,0.9587628865979382,850,0.02,316
40,70,17,3,0.1,78,72,788,0.09137055837563451,0.005374738727978501,0.9230769230769231,850,0.02,317
40,70,17,3,0.2,171,162,1609,0.10068365444375388,0.005922567908456111,0.9473684210526315,850,0.02,318
40,70,17,3,0.2,159,153,1530,0.1,0.0058823529411764705,0.9622641509433962,850,0.02,319
40,70,17,3,0.2,172,165,1850,0.0891891891891892,0.005246422893481717,0.9593023255813954,850,0.02,320
40,70,17,3,0.3,239,231,2398,0.0963302752293578,0.005666486778197518,0.9665271966527197,850,0.02,321
40,70,17,3,0.3,243,236,2680,0.0880597014925373,0.005179982440737489,0.9711934156378601,850,0.02,322
40,70,17,3,0.3,253,245,2417,0.10136532892014895,0.005962666407067585,0.9683794466403162,850,0.02,323
40,70,17,4,0.05,47,43,502,0.08565737051792828,0.005038668853995782,0.9148936170212766,850,0.02,324
40,70,17,4,0.05,46,43,489,0.08793456032719836,0.005172621195717551,0.9347826086956522,850,0.02,325
40,70,17,4,0.05,59,48,513,0.0935672514619883,0.005503955968352253,0.8135593220338984,850,0.02,326
40,70,17,4,0.1,81,77,833,0.09243697478991597,0.005437469105289174,0.9506172839506173,850,0.02,327
40,70,17,4,0.1,79,77,849,0.09069493521790342,0.005334996189288436,0.9746835443037974,850,0.02,328
40,70,17,4,0.1,75,68,777,0.08751608751608751,0.005148005148005148,0.9066666666666666,850,0.02,329
40,70,17,4,0.2,170,165,1855,0.0889487870619946,0.005232281591882036,0.9705882352941176,850,0.02,330
40,70,17,4,0.2,155,151,1471,0.1026512576478586,0.006038309273403447,0.9741935483870968,850,0.02,331
40,70,17,4,0.2,176,170,1830,0.09289617486338798,0.00546448087431694,0.9659090909090909,850,0.02,332
40,70,17,4,0.3,246,245,2342,0.10461144321093083,0.006153614306525343,0.9959349593495935,850,0.02,333
40,70,17,4,0.3,285,284,2933,0.0968291851346744,0.005695834419686729,0.9964912280701754,850,0.02,334
40,70,17,4,0.3,264,263,2821,0.09322935129386742,0.005484079487874554,0.9962121212121212,850,0.02,335
40,70,17,5,0.05,46,41,480,0.08541666666666667,0.005024509803921569,0.8913043478260869,850,0.02,336
40,70,17,5,0.05,39,37,446,0.08295964125560538,0.004879978897388552,0.9487179487179487,850,0.02,337
40,70,17,5,0.05,45,40,456,0.08771929824561403,0.005159958720330237,0.8888888888888888,850,0.02,338
40,70,17,5,0.1,95,86,841,0.10225921521997622,0.006015247954116248,0.9052631578947369,850,0.02,339
40,70,17,5,0.1,96,94,1003,0.09371884346959122,0.005512873145270072,0.9791666666666666,850,0.02,340
40,70,17,5,0.1,87,78,816,0.09558823529411764,0.005622837370242215,0.896551724137931,850,0.02,341
40,70,17,5,0.2,168,157,1627,0.09649661954517517,0.00567627173795148,0.9345238095238095,850,0.02,342
40,70,17,5,0.2,174,169,1667,0.10137972405518897,0.0059635131797169975,0.9712643678160919,850,0.02,343
40,70,17,5,0.2,194,189,1933,0.09777547853078117,0.005751498737104775,0.9742268041237113,850,0.02,344
40,70,17,5,0.3,246,243,2394,0.10150375939849623,0.005970809376382132,0.9878048780487805,850,0.02,345
40,70,17,5,0.3,234,228,2413,0.09448818897637795,0.00555812876331635,0.9743589743589743,850,0.02,346
40,70,17,5,0.3,257,246,2549,0.09650843468026678,0.005676966745898045,0.9571984435797666,850,0.02,347
40,70,17,6,0.05,36,33,356,0.09269662921348315,0.005452742894910773,0.9166666666666666,850,0.02,348
40,70,17,6,0.05,29,20,301,0.0664451827242525,0.003908540160250147,0.6896551724137931,850,0.02,349
40,70,17,6,0.05,41,31,389,0.07969151670951156,0.004687736277030092,0.7560975609756098,850,0.02,350
40,70,17,6,0.1,94,83,933,0.08896034297963558,0.0052329613517432694,0.8829787234042553,850,0.02,351
40,70,17,6,0.1,78,72,826,0.08716707021791767,0.00512747471870104,0.9230769230769231,850,0.02,352
40,70,17,6,0.1,85,78,763,0.10222804718217562,0.006013414540127978,0.9176470588235294,850,0.02,353
40,70,17,6,0.2,176,172,1728,0.09953703703703703,0.005855119825708061,0.9772727272727273,850,0.02,354
40,70,17,6,0.2,165,163,1899,0.08583464981569247,0.00504909704798191,0.9878787878787879,850,0.02,355
40,70,17,6,0.2,161,160,1741,0.09190120620333142,0.005405953306078319,0.9937888198757764,850,0.02,356
40,70,17,6,0.3,249,245,2424,0.10107260726072607,0.005945447485925063,0.9839357429718876,850,0.02,357
40,70,17,6,0.3,279,274,2681,0.10220067139127191,0.0060118041994865834,0.982078853046595,850,0.02,358
40,70,17,6,0.3,247,237,2369,0.10004221190375685,0.005884835994338639,0.9595141700404858,850,0.02,359
40,70,25,2,0.05,40,35,275,0.12727272727272726,0.005090909090909091,0.875,850,0.03,360
40,70,25,2,0.05,40,37,335,0.11044776119402985,0.004417910447761194,0.925,850,0.03,361
40,70,25,2,0.05,28,26,282,0.09219858156028368,0.0036879432624113474,0.9285714285714286,850,0.03,362
40,70,25,2,0.1,99,91,698,0.1303724928366762,0.005214899713467049,0.9191919191919192,850,0.03,363
40,70,25,2,0.1,82,70,572,0.12237762237762238,0.0048951048951048955,0.8536585365853658,850,0.03,364
40,70,25,2,0.1,78,73,561,0.13012477718360071,0.005204991087344029,0.9358974358974359,850,0.03,365
40,70,25,2,0.2,163,153,1053,0.1452991452991453,0.005811965811965812,0.9386503067484663,850,0.03,366
40,70,25,2,0.2,163,159,1272,0.125,0.005,0.9754601226993865,850,0.03,367
40,70,25,2,0.2,165,162,1179,0.13740458015267176,0.00549618320610687,0.9818181818181818,850,0.03,368
40,70,25,2,0.3,253,252,1947,0.12942989214175654,0.005177195685670262,0.9960474308300395,850,0.03,369
40,70,25,2,0.3,265,250,1751,0.1427755568246716,0.0057110222729868645,0.9433962264150944,850,0.03,370
40,70,25,2,0.3,262,258,1788,0.14429530201342283,0.0057718120805369125,0.9847328244274809,850,0.03,371
40,70,25,3,0.05,45,33,259,0.1274131274131274,0.005096525096525096,0.7333333333333333,850,0.03,372
40,70,25,3,0.05,38,37,307,0.12052117263843648,0.004820846905537459,0.9736842105263158,850,0.03,373
40,70,25,3,0.05,32,28,236,0.11864406779661017,0.0047457627118644066,0.875,850,0.03,374
40,70,25,3,0.1,78,73,546,0.1336996336996337,0.005347985347985348,0.9358974358974359,850,0.03,375
40,70,25,3,0.1,72,60,463,0.12958963282937366,0.005183585313174946,0.8333333333333334,850,0.03,376
40,70,25,3,0.1,83,78,598,0.13043478260869565,0.0052173913043478265,0.9397590361445783,850,0.03,377
40,70,25,3,0.2,165,159,1160,0.13706896551724138,0.005482758620689655,0.9636363636363636,850,0.03,378
40,70,25,3,0.2,183,181,1389,0.1303095752339813,0.005212383009359251,0.9890710382513661,850,0.03,379
40,70,25,3,0.2,170,161,1058,0.15217391304347827,0.00608695652173913,0.9470588235294117,850,0.03,380
40,70,25,3,0.3,251,246,1922,0.1279916753381894,0.005119667013527575,0.9800796812749004,850,0.03,381
40,70,25,3,0.3,268,258,2072,0.12451737451737452,0.004980694980694981,0.9626865671641791,850,0.03,382
40,70,25,3,0.3,257,255,1972,0.12931034482758622,0.005172413793103448,0.9922178988326849,850,0.03,383
40,70,25,4,0.05,50,34,283,0.12014134275618374,0.00480565371024735,0.68,850,0.03,384
40,70,25,4,0.05,41,36,359,0.10027855153203342,0.004011142061281337,0.8780487804878049,850,0.03,385
40,70,25,4,0.05,45,31,367,0.08446866485013624,0.0033787465940054496,0.6888888888888889,850,0.03,386
40,70,25,4,0.1,94,88,696,0.12643678160919541,0.005057471264367816,0.9361702127659575,850,0.03,387
40,70,25,4,0.1,84,83,613,0.13539967373572595,0.005415986949429037,0.9880952380952381,850,0.03,388
40,70,25,4,0.1,88,76,550,0.13818181818181818,0.005527272727272727,0.8636363636363636,850,0.03,389
40,70,25,4,0.2,181,174,1231,0.1413484971567831,0.005653939886271324,0.9613259668508287,850,0.03,390
40,70,25,4,0.2,179,171,1299,0.13163972286374134,0.005265588914549654,0.9553072625698324,850,0.03,391
40,70,25,4,0.2,201,199,1483,0.1341874578556979,0.005367498314227916,0.9900497512437811,850,0.03,392
40,70,25,4,0.3,267,265,1857,0.14270328486806677,0.005708131394722671,0.9925093632958801,850,0.03,393
40,70,25,4,0.3,247,241,1689,0.14268798105387803,0.005707519242155122,0.9757085020242915,850,0.03,394
40,70,25,4,0.3,245,237,1655,0.143202416918429,0.0057280966767371605,0.9673469387755103,850,0.03,395
40,70,25,5,0.05,37,31,264,0.11742424242424243,0.004696969696969697,0.8378378378378378,850,0.03,396
40,70,25,5,0.05,43,31,293,0.10580204778156997,0.004232081911262798,0.7209302325581395,850,0.03,397
40,70,25,5,0.05,44,27,246,0.10975609756097561,0.004390243902439025,0.6136363636363636,850,0.03,398
40,70,25,5,0.1,96,90,669,0.13452914798206278,0.0053811659192825115,0.9375,850,0.03,399
40,70,25,5,0.1,90,88,754,0.11671087533156499,0.0046684350132626,0.9777777777777777,850,0.03,400
40,70,25,5,0.1,72,69,554,0.12454873646209386,0.004981949458483755,0.9583333333333334,850,0.03,401
40,70,25,5,0.2,176,164,1144,0.14335664335664336,0.005734265734265735,0.9318181818181818,850,0.03,402
40,70,25,5,0.2,170,162,1143,0.14173228346456693,0.005669291338582677,0.9529411764705882,850,0.03,403
40,70,25,5,0.2,175,165,1218,0.1354679802955665,0.00541871921182266,0.9428571428571428,850,0.03,404
40,70,25,5,0.3,279,272,1891,0.14383923849814914,0.005753569539925965,0.974910394265233,850,0.03,405
40,70,25,5,0.3,257,256,1778,0.1439820022497188,0.005759280089988751,0.9961089494163424,850,0.03,406
40,70,25,5,0.3,271,263,1763,0.14917753828701077,0.005967101531480431,0.9704797047970479,850,0.03,407
40,70,25,6,0.05,45,30,278,0.1079136690647482,0.004316546762589928,0.6666666666666666,850,0.03,408
40,70,25,6,0.05,46,34,310,0.10967741935483871,0.004387096774193549,0.7391304347826086,850,0.03,409
40,70,25,6,0.05,46,34,311,0.10932475884244373,0.004372990353697749,0.7391304347826086,850,0.03,410
40,70,25,6,0.1,77,62,497,0.12474849094567404,0.004989939637826962,0.8051948051948052,850,0.03,411
40,70,25,6,0.1,78,73,595,0.1226890756302521,0.004907563025210084,0.9358974358974359,850,0.03,412
40,70,25,6,0.1,73,64,498,0.1285140562248996,0.005140562248995984,0.8767123287671232,850,0.03,413
40,70,25,6,0.2,173,161,1187,0.13563605728727884,0.005425442291491154,0.930635838150289,850,0.03,414
40,70,25,6,0.2,158,152,1202,0.1264559068219634,0.0050582362728785355,0.9620253164556962,850,0.03,415
40,70,25,6,0.2,169,164,1261,0.13005551149881048,0.005202220459952419,0.9704142011834319,850,0.03,416
40,70,25,6,0.3,237,229,1645,0.139209726443769,0.00556838905775076,0.9662447257383966,850,0.03,417
40,70,25,6,0.3,253,244,1828,0.13347921225382933,0.005339168490153173,0.9644268774703557,850,0.03,418
40,70,25,6,0.3,233,221,1696,0.1303066037735849,0.005212264150943396,0.9484978540772532,850,0.03,419
40,70,42,2,0.05,38,16,135,0.11851851851851852,0.0028218694885361554,0.42105263157894735,850,0.05,420
40,70,42,2,0.05,36,18,151,0.11920529801324503,0.002838221381267739,0.5,850,0.05,421
40,70,42,2,0.05,41,7,120,0.058333333333333334,0.001388888888888889,0.17073170731707318,850,0.05,422
40,70,42,2,0.1,81,76,454,0.16740088105726872,0.003985735263268303,0.9382716049382716,850,0.05,423
40,70,42,2,0.1,80,66,340,0.19411764705882353,0.004621848739495798,0.825,850,0.05,424
40,70,42,2,0.1,86,70,347,0.2017291066282421,0.004803073967339097,0.813953488372093,850,0.05,425
40,70,42,2,0.2,178,167,773,0.21604139715394566,0.005143842789379659,0.9382022471910112,850,0.05,426
40,70,42,2,0.2,179,171,772,0.22150259067357514,0.005273871206513694,0.9553072625698324,850,0.05,427
40,70,42,2,0.2,170,164,733,0.22373806275579808,0.005327096732280907,0.9647058823529412,850,0.05,428
40,70,42,2,0.3,251,234,1009,0.2319127849355798,0.0055217329746566615,0.9322709163346613,850,0.05,429
40,70,42,2,0.3,241,232,1163,0.1994840928632846,0.004749621258649634,0.9626556016597511,850,0.05,430
40,70,42,2,0.3,263,256,1049,0.2440419447092469,0.0058105224930773075,0.973384030418251,850,0.05,431
40,70,42,3,0.05,41,23,163,0.1411042944785276,0.003359626059012562,0.5609756097560976,850,0.05,432
40,70,42,3,0.05,43,11,137,0.08029197080291971,0.0019117135905457074,0.2558139534883721,850,0.05,433
40,70,42,3,0.05,48,44,249,0.17670682730923695,0.004207305412124689,0.9166666666666666,850,0.05,434
40,70,42,3,0.1,87,85,396,0.21464646464646464,0.005110630110630111,0.9770114942528736,850,0.05,435
40,70,42,3,0.1,91,72,402,0.1791044776119403,0.0042643923240938165,0.7912087912087912,850,0.05,436
40,70,42,3,0.1,83,80,416,0.19230769230769232,0.004578754578754579,0.963855421686747,850,0.05,437
40,70,42,3,0.2,186,175,795,0.22012578616352202,0.005241090146750524,0.9408602150537635,850,0.05,438
40,70,42,3,0.2,177,174,799,0.21777221526908636,0.005185052744502056,0.9830508474576272,850,0.05,439
40,70,42,3,0.2,197,189,961,0.19667013527575442,0.004682622268470343,0.9593908629441624,850,0.05,440
40,70,42,3,0.3,228,216,1032,0.20930232558139536,0.0049833887043189366,0.9473684210526315,850,0.05,441
40,70,42,3,0.3,260,246,1051,0.2340627973358706,0.005572923746092157,0.9461538461538461,850,0.05,442
40,70,42,3,0.3,275,269,1401,0.192005710206995,0.004571564528737976,0.9781818181818182,850,0.05,443
40,70,42,4,0.05,55,42,248,0.1693548387096774,0.004032258064516129,0.7636363636363637,850,0.05,444
40,70,42,4,0.05,44,39,209,0.18660287081339713,0.004442925495557075,0.8863636363636364,850,0.05,445
40,70,42,4,0.05,41,24,154,0.15584415584415584,0.0037105751391465678,0.5853658536585366,850,0.05,446
40,70,42,4,0.1,75,67,345,0.19420289855072465,0.004623878536922015,0.8933333333333333,850,0.05,447
40,70,42,4,0.1,78,67,364,0.18406593406593408,0.004382522239665097,0.8589743589743589,850,0.05,448
40,70,42,4,0.1,87,84,526,0.1596958174904943,0.0038022813688212928,0.9655172413793104,850,0.05,449
40,70,42,4,0.2,170,154,722,0.21329639889196675,0.0050784856879039705,0.9058823529411765,850,0.05,450
40,70,42,4,0.2,172,169,837,0.2019115890083632,0.00480741878591341,0.9825581395348837,850,0.05,451
40,70,42,4,0.2,161,155,713,0.21739130434782608,0.005175983436853002,0.9627329192546584,850,0.05,452
40,70,42,4,0.3,252,251,1228,0.20439739413680783,0.004866604622304948,0.996031746031746,850,0.05,453
40,70,42,4,0.3,266,257,1212,0.21204620462046206,0.005048719157630049,0.9661654135338346,850,0.05,454
40,70,42,4,0.3,241,235,1018,0.23084479371316308,0.005496304612218168,0.975103734439834,850,0.05,455
40,70,42,5,0.05,40,20,143,0.13986013986013987,0.00333000333000333,0.5,850,0.05,456
40,70,42,5,0.05,33,13,142,0.09154929577464789,0.0021797451374916165,0.3939393939393939,850,0.05,457
40,70,42,5,0.05,36,19,159,0.11949685534591195,0.0028451632225217132,0.5277777777777778,850,0.05,458
40,70,42,5,0.1,81,76,448,0.16964285714285715,0.0040391156462585035,0.9382716049382716,850,0.05,459
40,70,42,5,0.1,88,82,409,0.20048899755501223,0.004773547560833625,0.9318181818181818,850,0.05,460
40,70,42,5,0.1,103,98,488,0.20081967213114754,0.0047814207650273225,0.9514563106796117,850,0.05,461
40,70,42,5,0.2,181,169,771,0.2191958495460441,0.005218948798715335,0.9337016574585635,850,0.05,462
40,70,42,5,0.2,179,174,804,0.21641791044776118,0.005152807391613362,0.9720670391061452,850,0.05,463
40,70,42,5,0.2,161,150,751,0.19973368841544606,0.004755564009891573,0.9316770186335404,850,0.05,464
40,70,42,5,0.3,252,248,1334,0.18590704647676162,0.0044263582494467055,0.9841269841269841,850,0.05,465
40,70,42,5,0.3,243,239,1083,0.22068328716528163,0.005254363980125753,0.9835390946502057,850,0.05,466
40,70,42,5,0.3,250,240,1163,0.2063628546861565,0.004913401302051345,0.96,850,0.05,467
40,70,42,6,0.05,42,5,125,0.04,0.0009523809523809524,0.11904761904761904,850,0.05,468
40,70,42,6,0.05,43,42,239,0.17573221757322174,0.0041841004184100415,0.9767441860465116,850,0.05,469
40,70,42,6,0.05,37,16,140,0.11428571428571428,0.0027210884353741495,0.43243243243243246,850,0.05,470
40,70,42,6,0.1,85,81,459,0.17647058823529413,0.004201680672268907,0.9529411764705882,850,0.05,471
40,70,42,6,0.1,78,71,368,0.19293478260869565,0.004593685300207039,0.9102564102564102,850,0.05,472
40,70,42,6,0.1,78,71,361,0.19667590027700832,0.004682759530404959,0.9102564102564102,850,0.05,473
40,70,42,6,0.2,172,167,857,0.19486581096849476,0.004639662165916542,0.9709302325581395,850,0.05,474
40,70,42,6,0.2,161,153,701,0.21825962910128388,0.005196657835744854,0.9503105590062112,850,0.05,475
40,70,42,6,0.2,182,177,887,0.1995490417136415,0.004751167659848607,0.9725274725274725,850,0.05,476
40,70,42,6,0.3,245,238,1049,0.22688274547187798,0.005401970130282809,0.9714285714285714,850,0.05,477
40,70,42,6,0.3,273,258,1141,0.22611744084136723,0.005383748591461125,0.945054945054945,850,0.05,478
40,70,42,6,0.3,261,253,1095,0.2310502283105023,0.0055011959121548165,0.9693486590038314,850,0.05,479
50,85,12,2,0.05,69,63,998,0.06312625250501001,0.005260521042084168,0.9130434782608695,1260,0.01,480
50,85,12,2,0.05,80,78,1252,0.06230031948881789,0.005191693290734824,0.975,1260,0.01,481
50,85,12,2,0.05,52,49,770,0.06363636363636363,0.005303030303030303,0.9423076923076923,1260,0.01,482
50,85,12,2,0.1,140,135,2168,0.06226937269372694,0.005189114391143911,0.9642857142857143,1260,0.01,483
50,85,12,2,0.1,119,114,1603,0.07111665626949469,0.005926388022457892,0.957983193277311,1260,0.01,484
50,85,12,2,0.1,121,116,1744,0.06651376146788991,0.005542813455657492,0.9586776859504132,1260,0.01,485
50,85,12,2,0.2,245,240,4009,0.05986530306809678,0.004988775255674732,0.9795918367346939,1260,0.01,486
50,85,12,2,0.2,244,240,3211,0.0747430706944877,0.006228589224540642,0.9836065573770492,1260,0.01,487
50,85,12,2,0.2,223,218,3266,0.06674831598285365,0.0055623596652378034,0.9775784753363229,1260,0.01,488
50,85,12,2,0.3,376,371,5453,0.06803594351732992,0.005669661959777492,0.9867021276595744,1260,0.01,489
50,85,12,2,0.3,372,365,5429,0.06723153435255111,0.005602627862712593,0.9811827956989247,1260,0.01,490
50,85,12,2,0.3,391,382,5704,0.06697054698457224,0.005580878915381019,0.9769820971867008,1260,0.01,491
50,85,12,3,0.05,64,60,1104,0.05434782608695652,0.004528985507246377,0.9375,1260,0.01,492
50,85,12,3,0.05,64,54,891,0.06060606060606061,0.005050505050505051,0.84375,1260,0.01,493
50,85,12,3,0.05,54,46,812,0.05665024630541872,0.004720853858784894,0.8518518518518519,1260,0.01,494
50,85,12,3,0.1,129,122,2038,0.05986261040235525,0.004988550866862938,0.9457364341085271,1260,0.01,495
50,85,12,3,0.1,118,112,1765,0.06345609065155808,0.005288007554296506,0.9491525423728814,1260,0.01,496
50,85,12,3,0.1,130,122,1830,0.06666666666666667,0.005555555555555556,0.9384615384615385,1260,0.01,497
50,85,12,3,0.2,263,259,4072,0.06360510805500982,0.005300425671250819,0.9847908745247148,1260,0.01,498
50,85,12,3,0.2,238,234,3534,0.06621392190152801,0.0055178268251273345,0.9831932773109243,1260,0.01,499
50,85,12,3,0.2,249,246,3648,0.06743421052631579,0.005619517543859649,0.9879518072289156,1260,0.01,500
50,85,12,3,0.3,337,330,4742,0.06959088991986503,0.005799240826655419,0.9792284866468842,1260,0.01,501
50,85,12,3,0.3,389,385,5714,0.06737836891844592,0.00561486407653716,0.9897172236503856,1260,0.01,502
50,85,12,3,0.3,369,364,5389,0.06754499907218407,0.005628749922682007,0.986449864498645,1260,0.01,503
50,85,12,4,0.05,71,65,977,0.06653019447287616,0.005544182872739679,0.9154929577464789,1260,0.01,504
50,85,12,4,0.05,78,71,1155,0.06147186147186147,0.0051226551226551224,0.9102564102564102,1260,0.01,505
50,85,12,4,0.05,71,66,1107,0.05962059620596206,0.004968383017163505,0.9295774647887324,1260,0.01,506
50,85,12,4,0.1,135,129,1984,0.06502016129032258,0.005418346774193549,0.9555555555555556,1260,0.01,507
50,85,12,4,0.1,113,109,1658,0.06574185765983112,0.00547848813831926,0.9646017699115044,1260,0.01,508
50,85,12,4,0.1,127,124,2039,0.06081412457086807,0.005067843714239006,0.9763779527559056,1260,0.01,509
50,85,12,4,0.2,236,229,3532,0.06483578708946772,0.005402982257455643,0.9703389830508474,1260,0.01,510
50,85,12,4,0.2,258,254,4321,0.05878268919231659,0.004898557432693049,0.9844961240310077,1260,0.01,511
50,85,12,4,0.2,246,242,3579,0.06761665269628388,0.005634721058023657,0.983739837398374,1260,0.01,512
50,85,12,4,0.3,368,361,5252,0.06873571972581874,0.005727976643818228,0.9809782608695652,1260,0.01,513
50,85,12,4,0.3,374,368,5591,0.06582006796637453,0.005485005663864544,0.983957219251337,1260,0.01,514
50,85,12,4,0.3,383,378,5666,0.06671373102717967,0.005559477585598305,0.9869451697127938,1260,0.01,515
50,85,12,5,0.05,65,59,1026,0.057504873294346975,0.004792072774528915,0.9076923076923077,1260,0.01,516
50,85,12,5,0.05,54,53,877,0.06043329532497149,0.005036107943747624,0.9814814814814815,1260,0.01,517
50,85,12,5,0.05,60,55,943,0.05832449628844114,0.004860374690703429,0.9166666666666666,1260,0.01,518
50,85,12,5,0.1,108,104,1635,0.06360856269113149,0.005300713557594291,0.9629629629629629,1260,0.01,519
50,85,12,5,0.1,123,117,1852,0.06317494600431965,0.005264578833693304,0.9512195121951219,1260,0.01,520
50,85,12,5,0.1,118,115,1878,0.061235356762513314,0.005102946396876109,0.9745762711864406,1260,0.01,521
50,85,12,5,0.2,251,247,3926,0.06291390728476821,0.0052428256070640175,0.9840637450199203,1260,0.01,522
50,85,12,5,0.2,214,212,3172,0.06683480453972257,0.005569567044976881,0.9906542056074766,1260,0.01,523
50,85,12,5,0.2,254,245,3636,0.06738173817381739,0.005615144847818115,0.9645669291338582,1260,0.01,524
50,85,12,5,0.3,359,352,5188,0.06784888203546646,0.005654073502955538,0.9805013927576601,1260,0.01,525
50,85,12,5,0.3,390,388,5937,0.0653528718207849,0.005446072651732076,0.9948717948717949,1260,0.01,526
50,85,12,5,0.3,396,393,5681,0.06917796162647422,0.005764830135539517,0.9924242424242424,1260,0.01,527
50,85,12,6,0.05,59,52,870,0.059770114942528735,0.004980842911877395,0.8813559322033898,1260,0.01,528
50,85,12,6,0.05,60,56,907,0.06174200661521499,0.005145167217934583,0.9333333333333333,1260,0.01,529
50,85,12,6,0.05,64,62,1001,0.061938061938061936,0.005161505161505162,0.96875,1260,0.01,530
50,85,12,6,0.1,135,133,2143,0.06206252916472235,0.005171877430393529,0.9851851851851852,1260,0.01,531
50,85,12,6,0.1,125,119,1888,0.06302966101694915,0.0052524717514124296,0.952,1260,0.01,532
50,85,12,6,0.1,123,117,1977,0.05918057663125948,0.004931714719271623,0.9512195121951219,1260,0.01,533
50,85,12,6,0.2,227,219,3498,0.06260720411663807,0.00521726700971984,0.9647577092511013,1260,0.01,534
50,85,12,6,0.2,242,240,3777,0.06354249404289118,0.0052952078369075985,0.9917355371900827,1260,0.01,535
50,85,12,6,0.2,259,253,3904,0.06480532786885246,0.005400443989071038,0.9768339768339769,1260,0.01,536
50,85,12,6,0.3,359,356,5348,0.06656694091249066,0.005547245076040887,0.9916434540389972,1260,0.01,537
50,85,12,6,0.3,364,357,5401,0.06609887057952231,0.005508239214960193,0.9807692307692307,1260,0.01,538
50,85,12,6,0.3,381,378,6037,0.06261388106675501,0.0052178234222295845,0.9921259842519685,1260,0.01,539
50,85,25,2,0.05,64,62,592,0.10472972972972973,0.004189189189189189,0.96875,1260,0.02,540
50,85,25,2,0.05,66,64,544,0.11764705882352941,0.004705882352941176,0.9696969696969697,1260,0.02,541
50,85,25,2,0.05,60,55,494,0.11133603238866396,0.004453441295546558,0.9166666666666666,1260,0.02,542
50,85,25,2,0.1,125,118,937,0.12593383137673425,0.005037353255069371,0.944,1260,0.02,543
50,85,25,2,0.1,129,121,1203,0.10058187863674148,0.0040232751454696595,0.937984496124031,1260,0.02,544
50,85,25,2,0.1,113,112,1067,0.1049671977507029,0.004198687910028116,0.9911504424778761,1260,0.02,545
50,85,25,2,0.2,243,230,1752,0.1312785388127854,0.005251141552511416,0.9465020576131687,1260,0.02,546
50,85,25,2,0.2,252,240,1690,0.14201183431952663,0.005680473372781065,0.9523809523809523,1260,0.02,547
50,85,25,2,0.2,277,263,2066,0.12729912875121008,0.005091965150048403,0.9494584837545126,1260,0.02,548
50,85,25,2,0.3,375,366,2783,0.13151275601868487,0.005260510240747395,0.976,1260,0.02,549
50,85,25,2,0.3,373,367,2686,0.1366344005956813,0.005465376023827253,0.9839142091152815,1260,0.02,550
50,85,25,2,0.3,377,371,2801,0.13245269546590505,0.005298107818636201,0.9840848806366048,1260,0.02,551
50,85,25,3,0.05,66,56,487,0.11498973305954825,0.0045995893223819305,0.8484848484848485,1260,0.02,552
50,85,25,3,0.05,72,57,515,0.11067961165048544,0.004427184466019417,0.7916666666666666,1260,0.02,553
50,85,25,3,0.05,71,69,624,0.11057692307692307,0.004423076923076923,0.971830985915493,1260,0.02,554
50,85,25,3,0.1,118,106,865,0.12254335260115606,0.004901734104046243,0.8983050847457628,1260,0.02,555
50,85,25,3,0.1,132,121,976,0.12397540983606557,0.004959016393442623,0.9166666666666666,1260,0.02,556
50,85,25,3,0.1,101,96,809,0.11866501854140915,0.004746600741656366,0.9504950495049505,1260,0.02,557
50,85,25,3,0.2,241,233,1823,0.12781130005485464,0.005112452002194186,0.966804979253112,1260,0.02,558
50,85,25,3,0.2,237,234,1935,0.12093023255813953,0.0048372093023255815,0.9873417721518988,1260,0.02,559
50,85,25,3,0.2,263,245,1777,0.13787281935846932,0.005514912774338773,0.9315589353612167,1260,0.02,560
50,85,25,3,0.3,366,357,2667,0.13385826771653545,0.005354330708661417,0.9754098360655737,1260,0.02,561
50,85,25,3,0.3,369,364,2748,0.1324599708879185,0.005298398835516739,0.986449864498645,1260,0.02,562
50,85,25,3,0.3,379,370,2960,0.125,0.005,0.9762532981530343,1260,0.02,563
50,85,25,4,0.05,65,51,474,0.10759493670886076,0.004303797468354431,0.7846153846153846,1260,0.02,564
50,85,25,4,0.05,60,55,523,0.10516252390057361,0.004206500956022944,0.9166666666666666,1260,0.02,565
50,85,25,4,0.05,62,60,594,0.10101010101010101,0.00404040404040404,0.967741935483871,1260,0.02,566
50,85,25,4,0.1,121,109,922,0.11822125813449023,0.004728850325379609,0.9008264462809917,1260,0.02,567
50,85,25,4,0.1,128,124,985,0.12588832487309645,0.005035532994923858,0.96875,1260,0.02,568
50,85,25,4,0.1,128,119,991,0.12008072653884964,0.004803229061553986,0.9296875,1260,0.02,569
50,85,25,4,0.2,255,245,1804,0.13580931263858093,0.005432372505543237,0.9607843137254902,1260,0.02,570
50,85,25,4,0.2,252,243,1790,0.13575418994413407,0.005430167597765363,0.9642857142857143,1260,0.02,571
50,85,25,4,0.2,231,227,1705,0.13313782991202347,0.005325513196480939,0.9826839826839827,1260,0.02,572
50,85,25,4,0.3,376,374,2705,0.13826247689463955,0.005530499075785582,0.9946808510638298,1260,0.02,573
50,85,25,4,0.3,352,341,2578,0.13227307990690457,0.005290923196276183,0.96875,1260,0.02,574
50,85,25,4,0.3,365,357,2795,0.12772808586762074,0.00510912343470483,0.9780821917808219,1260,0.02,575
50,85,25,5,0.05,53,50,462,0.10822510822510822,0.004329004329004329,0.9433962264150944,1260,0.02,576
50,85,25,5,0.05,62,56,538,0.10408921933085502,0.004163568773234201,0.9032258064516129,1260,0.02,577
50,85,25,5,0.05,59,52,441,0.11791383219954649,0.00471655328798186,0.8813559322033898,1260,0.02,578
50,85,25,5,0.1,118,108,856,0.1261682242990654,0.005046728971962617,0.9152542372881356,1260,0.02,579
50,85,25,5,0.1,119,103,855,0.12046783625730995,0.004818713450292398,0.865546218487395,1260,0.02,580
50,85,25,5,0.1,121,109,933,0.11682743837084673,0.004673097534833869,0.9008264462809917,1260,0.02,581
50,85,25,5,0.2,257,253,2060,0.12281553398058252,0.004912621359223301,0.9844357976653697,1260,0.02,582
50,85,25,5,0.2,271,263,2125,0.12376470588235294,0.004950588235294118,0.9704797047970479,1260,0.02,583
50,85,25,5,0.2,279,275,2062,0.13336566440349176,0.00533462657613967,0.985663082437276,1260,0.02,584
50,85,25,5,0.3,360,350,2590,0.13513513513513514,0.005405405405405406,0.9722222222222222,1260,0.02,585
50,85,25,5,0.3,389,385,3009,0.12794948487869723,0.00511797939514789,0.9897172236503856,1260,0.02,586
50,85,25,5,0.3,355,344,2710,0.12693726937269373,0.005077490774907749,0.9690140845070423,1260,0.02,587
50,85,25,6,0.05,67,59,534,0.1104868913857678,0.004419475655430711,0.8805970149253731,1260,0.02,588
50,85,25,6,0.05,68,65,603,0.1077943615257048,0.004311774461028192,0.9558823529411765,1260,0.02,589
50,85,25,6,0.05,67,60,516,0.11627906976744186,0.004651162790697674,0.8955223880597015,1260,0.02,590
50,85,25,6,0.1,128,121,1004,0.1205179282868526,0.004820717131474104,0.9453125,1260,0.02,591
50,85,25,6,0.1,131,123,1026,0.11988304093567251,0.0047953216374269,0.9389312977099237,1260,0.02,592
50,85,25,6,0.1,133,121,987,0.12259371833839919,0.0049037487335359675,0.9097744360902256,1260,0.02,593
50,85,25,6,0.2,261,255,2027,0.12580167735569808,0.005032067094227923,0.9770114942528736,1260,0.02,594
50,85,25,6,0.2,256,253,2111,0.11984841307437233,0.004793936522974894,0.98828125,1260,0.02,595
50,85,25,6,0.2,258,250,1958,0.12768130745658834,0.005107252298263534,0.9689922480620154,1260,0.02,596
50,85,25,6,0.3,404,394,3164,0.12452591656131479,0.004981036662452591,0.9752475247524752,1260,0.02,597
50,85,25,6,0.3,375,372,2900,0.12827586206896552,0.005131034482758621,0.992,1260,0.02,598
50,85,25,6,0.3,408,400,2998,0.133422281521014,0.00533689126084056,0.9803921568627451,1260,0.02,599
50,85,37,2,0.05,58,49,329,0.14893617021276595,0.0040253018976423235,0.8448275862068966,1260,0.03,600
50,85,37,2,0.05,56,43,348,0.1235632183908046,0.0033395464429947187,0.7678571428571429,1260,0.03,601
50,85,37,2,0.05,47,43,307,0.14006514657980457,0.00378554450215688,0.9148936170212766,1260,0.03,602
50,85,37,2,0.1,112,101,584,0.17294520547945205,0.004674194742687893,0.9017857142857143,1260,0.03,603
50,85,37,2,0.1,143,140,783,0.17879948914431673,0.004832418625522074,0.9790209790209791,1260,0.03,604
50,85,37,2,0.1,139,133,750,0.17733333333333334,0.004792792792792793,0.9568345323741008,1260,0.03,605
50,85,37,2,0.2,264,250,1413,0.17692852087756547,0.004781851915609877,0.946969696969697,1260,0.03,606
50,85,37,2,0.2,243,238,1318,0.18057663125948406,0.00488044949349957,0.9794238683127572,1260,0.03,607
50,85,37,2,0.2,258,242,1252,0.19329073482428116,0.005224073914169761,0.937984496124031,1260,0.03,608
50,85,37,2,0.3,377,371,2182,0.1700274977085243,0.004595337775906062,0.9840848806366048,1260,0.03,609
50,85,37,2,0.3,378,354,1863,0.19001610305958133,0.005135570352961657,0.9365079365079365,1260,0.03,610
50,85,37,2,0.3,390,375,1987,0.1887267237040765,0.005100722262272338,0.9615384615384616,1260,0.03,611
50,85,37,3,0.05,77,59,387,0.1524547803617571,0.0041203994692366784,0.7662337662337663,1260,0.03,612
50,85,37,3,0.05,63,51,343,0.14868804664723032,0.004018595855330549,0.8095238095238095,1260,0.03,613
50,85,37,3,0.05,50,37,263,0.14068441064638784,0.0038022813688212928,0.74,1260,0.03,614
50,85,37,3,0.1,122,113,710,0.1591549295774648,0.004301484583174724,0.9262295081967213,1260,0.03,615
50,85,37,3,0.1,140,126,776,0.16237113402061856,0.004388409027584285,0.9,1260,0.03,616
50,85,37,3,0.1,127,120,740,0.16216216216216217,0.004382761139517896,0.9448818897637795,1260,0.03,617
50,85,37,3,0.2,261,255,1667,0.15296940611877624,0.004134308273480439,0.9770114942528736,1260,0.03,618
50,85,37,3,0.2,246,238,1319,0.18043972706595907,0.004876749380161056,0.967479674796748,1260,0.03,619
50,85,37,3,0.2,261,257,1388,0.1851585014409222,0.0050042838227276265,0.9846743295019157,1260,0.03,620
50,85,37,3,0.3,348,329,1694,0.19421487603305784,0.005249050703596158,0.9454022988505747,1260,0.03,621
50,85,37,3,0.3,359,349,1843,0.1893651654910472,0.005117977445703978,0.9721448467966574,1260,0.03,622
50,85,37,3,0.3,382,371,1950,0.19025641025641027,0.005142065142065142,0.9712041884816754,1260,0.03,623
50,85,37,4,0.05,68,56,384,0.14583333333333334,0.003941441441441441,0.8235294117647058,1260,0.03,624
50,85,37,4,0.05,59,53,361,0.14681440443213298,0.003967956876544134,0.8983050847457628,1260,0.03,625
50,85,37,4,0.05,50,41,273,0.15018315018315018,0.004059004059004059,0.82,1260,0.03,626
50,85,37,4,0.1,120,116,656,0.17682926829268292,0.004779169413315755,0.9666666666666667,1260,0.03,627
50,85,37,4,0.1,126,120,739,0.16238159675236807,0.004388691804118056,0.9523809523809523,1260,0.03,628
50,85,37,4,0.1,133,124,708,0.1751412429378531,0.004733547106428463,0.9323308270676691,1260,0.03,629
50,85,37,4,0.2,270,265,1624,0.16317733990147784,0.004410198375715617,0.9814814814814815,1260,0.03,630
50,85,37,4,0.2,250,248,1453,0.17068134893324158,0.004613009430628151,0.992,1260,0.03,631
50,85,37,4,0.2,248,245,1253,0.19553072625698323,0.00528461422316171,0.9879032258064516,1260,0.03,632
50,85,37,4,0.3,418,411,2146,0.19151910531220875,0.005176192035465102,0.9832535885167464,1260,0.03,633
50,85,37,4,0.3,360,353,1930,0.18290155440414507,0.0049432852541660835,0.9805555555555555,1260,0.03,634
50,85,37,4,0.3,384,375,2133,0.17580872011251758,0.0047515870300680425,0.9765625,1260,0.03,635
50,85,37,5,0.05,62,54,399,0.13533834586466165,0.003657793131477342,0.8709677419354839,1260,0.03,636
50,85,37,5,0.05,55,45,325,0.13846153846153847,0.0037422037422037424,0.8181818181818182,1260,0.03,637
50,85,37,5,0.05,79,67,428,0.15654205607476634,0.0042308663803990905,0.8481012658227848,1260,0.03,638
50,85,37,5,0.1,113,102,582,0.17525773195876287,0.004736695458344943,0.9026548672566371,1260,0.03,639
50,85,37,5,0.1,134,126,690,0.1826086956521739,0.004935370152761457,0.9402985074626866,1260,0.03,640
50,85,37,5,0.1,94,92,630,0.14603174603174604,0.0039468039468039465,0.9787234042553191,1260,0.03,641
50,85,37,5,0.2,246,238,1262,0.18858954041204437,0.005097014605730929,0.967479674796748,1260,0.03,642
50,85,37,5,0.2,252,239,1403,0.17034925160370634,0.004604033827127199,0.9484126984126984,1260,0.03,643
50,85,37,5,0.2,258,247,1376,0.17950581395348839,0.004851508485229416,0.9573643410852714,1260,0.03,644
50,85,37,5,0.3,368,351,1884,0.18630573248407642,0.005035290067137201,0.9538043478260869,1260,0.03,645
50,85,37,5,0.3,372,364,2025,0.1797530864197531,0.004858191524858191,0.978494623655914,1260,0.03,646
50,85,37,5,0.3,378,368,1973,0.1865179929042068,0.0050410268352488324,0.9735449735449735,1260,0.03,647
50,85,37,6,0.05,51,47,345,0.13623188405797101,0.003681942812377595,0.9215686274509803,1260,0.03,648
50,85,37,6,0.05,65,60,386,0.15544041450777202,0.004201092283993838,0.9230769230769231,1260,0.03,649
50,85,37,6,0.05,46,41,311,0.13183279742765272,0.0035630485791257496,0.8913043478260869,1260,0.03,650
50,85,37,6,0.1,138,133,797,0.1668757841907152,0.004510156329478788,0.9637681159420289,1260,0.03,651
50,85,37,6,0.1,124,121,762,0.15879265091863518,0.004291693268071221,0.9758064516129032,1260,0.03,652
50,85,37,6,0.1,132,126,844,0.14928909952606634,0.004034840527731523,0.9545454545454546,1260,0.03,653
50,85,37,6,0.2,256,240,1357,0.17686072218128224,0.004780019518413034,0.9375,1260,0.03,654
50,85,37,6,0.2,222,219,1254,0.17464114832535885,0.004720031035820509,0.9864864864864865,1260,0.03,655
50,85,37,6,0.2,229,221,1199,0.18432026688907424,0.004981628834839844,0.9650655021834061,1260,0.03,656
50,85,37,6,0.3,388,385,2139,0.17999064983637214,0.004864612157739787,0.9922680412371134,1260,0.03,657
50,85,37,6,0.3,384,372,2003,0.18572141787319021,0.0050194977803564925,0.96875,1260,0.03,658
50,85,37,6,0.3,390,386,2124,0.1817325800376648,0.004911691352369319,0.9897435897435898,1260,0.03,659
50,85,63,2,0.05,65,51,196,0.2602040816326531,0.00413022351797862,0.7846153846153846,1260,0.05,660
50,85,63,2,0.05,76,66,284,0.2323943661971831,0.003688799463447351,0.868421052631579,1260,0.05,661
50,85,63,2,0.05,45,19,170,0.11176470588235295,0.0017740429505135387,0.4222222222222222,1260,0.05,662
50,85,63,2,0.1,126,105,389,0.2699228791773779,0.004284490145672665,0.8333333333333334,1260,0.05,663
50,85,63,2,0.1,152,134,478,0.2803347280334728,0.004449757587832902,0.881578947368421,1260,0.05,664
50,85,63,2,0.1,119,91,358,0.2541899441340782,0.0040347610180012415,0.7647058823529411,1260,0.05,665
50,85,63,2,0.2,224,215,758,0.2836411609498681,0.0045022406499979056,0.9598214285714286,1260,0.05,666
50,85,63,2,0.2,237,231,1111,0.2079207920792079,0.0033003300330033004,0.9746835443037974,1260,0.05,667
50,85,63,2,0.2,258,248,1172,0.21160409556313994,0.003358795167668888,0.9612403100775194,1260,0.05,668
50,85,63,2,0.3,383,372,1666,0.22328931572629052,0.003544274852798262,0.9712793733681462,1260,0.05,669
50,85,63,2,0.3,387,367,1225,0.29959183673469386,0.004755425979915776,0.9483204134366925,1260,0.05,670
50,85,63,2,0.3,382,368,1343,0.2740134028294862,0.004349419092531528,0.9633507853403142,1260,0.05,671
50,85,63,3,0.05,57,17,155,0.10967741935483871,0.0017409114183307732,0.2982456140350877,1260,0.05,672
50,85,63,3,0.05,62,24,162,0.14814814814814814,0.0023515579071134627,0.3870967741935484,1260,0.05,673
50,85,63,3,0.05,54,22,153,0.1437908496732026,0.0022823944392571845,0.4074074074074074,1260,0.05,674
50,85,63,3,0.1,129,113,418,0.2703349282296651,0.004291030606820081,0.875968992248062,1260,0.05,675
50,85,63,3,0.1,107,89,360,0.24722222222222223,0.003924162257495591,0.8317757009345794,1260,0.05,676
50,85,63,3,0.1,135,109,399,0.2731829573934837,0.0043362374189441855,0.8074074074074075,1260,0.05,677
50,85,63,3,0.2,249,235,829,0.28347406513872137,0.00449958833553526,0.9437751004016064,1260,0.05,678
50,85,63,3,0.2,262,247,892,0.2769058295964126,0.004395330628514485,0.9427480916030534,1260,0.05,679
50,85,63,3,0.2,235,223,770,0.2896103896103896,0.004596990311276025,0.948936170212766,1260,0.05,680
50,85,63,3,0.3,355,352,1261,0.27914353687549565,0.004430849791674534,0.9915492957746479,1260,0.05,681
50,85,63,3,0.3,390,378,1260,0.3,0.004761904761904762,0.9692307692307692,1260,0.05,682
50,85,63,3,0.3,380,363,1144,0.3173076923076923,0.005036630036630037,0.9552631578947368,1260,0.05,683
50,85,63,4,0.05,70,54,217,0.2488479262672811,0.003949967083607637,0.7714285714285715,1260,0.05,684
50,85,63,4,0.05,67,66,335,0.19701492537313434,0.003127221037668799,0.9850746268656716,1260,0.05,685
50,85,63,4,0.05,50,12,153,0.0784313725490196,0.0012449424214130097,0.24,1260,0.05,686
50,85,63,4,0.1,115,105,456,0.23026315789473684,0.003654970760233918,0.9130434782608695,1260,0.05,687
50,85,63,4,0.1,137,122,501,0.2435129740518962,0.003865285302411051,0.8905109489051095,1260,0.05,688
50,85,63,4,0.1,132,130,521,0.2495201535508637,0.003960637357950218,0.9848484848484849,1260,0.05,689
50,85,63,4,0.2,229,205,730,0.2808219178082192,0.004457490758860622,0.8951965065502183,1260,0.05,690
50,85,63,4,0.2,244,236,852,0.27699530516431925,0.004396750875624115,0.9672131147540983,1260,0.05,691
50,85,63,4,0.2,253,238,979,0.24310520939734423,0.0038588128475768924,0.9407114624505929,1260,0.05,692
50,85,63,4,0.3,388,381,1280,0.29765625,0.004724702380952381,0.9819587628865979,1260,0.05,693
50,85,63,4,0.3,380,374,1246,0.3001605136436597,0.004764452597518408,0.9842105263157894,1260,0.05,694
50,85,63,4,0.3,395,378,1262,0.29952456418383516,0.004754358161648178,0.9569620253164557,1260,0.05,695
50,85,63,5,0.05,51,34,194,0.17525773195876287,0.0027818687612502046,0.6666666666666666,1260,0.05,696
50,85,63,5,0.05,58,22,165,0.13333333333333333,0.0021164021164021165,0.3793103448275862,1260,0.05,697
50,85,63,5,0.05,72,71,412,0.17233009708737865,0.0027353983664663278,0.9861111111111112,1260,0.05,698
50,85,63,5,0.1,128,123,436,0.28211009174311924,0.004477937964176496,0.9609375,1260,0.05,699
50,85,63,5,0.1,124,114,430,0.2651162790697674,0.004208194905869324,0.9193548387096774,1260,0.05,700
50,85,63,5,0.1,133,129,484,0.2665289256198347,0.004230617866981503,0.9699248120300752,1260,0.05,701
50,85,63,5,0.2,268,259,915,0.2830601092896175,0.004493017607771706,0.9664179104477612,1260,0.05,702
50,85,63,5,0.2,286,283,1023,0.27663734115347016,0.00439106890719794,0.9895104895104895,1260,0.05,703
50,85,63,5,0.2,260,247,836,0.29545454545454547,0.00468975468975469,0.95,1260,0.05,704
50,85,63,5,0.3,381,375,1268,0.29574132492113564,0.004694306744779931,0.984251968503937,1260,0.05,705
50,85,63,5,0.3,382,366,1250,0.2928,0.004647619047619048,0.9581151832460733,1260,0.05,706
50,85,63,5,0.3,373,371,1642,0.2259439707673569,0.0035864122344024902,0.9946380697050938,1260,0.05,707
50,85,63,6,0.05,62,17,142,0.11971830985915492,0.0019002906326849988,0.27419354838709675,1260,0.05,708
50,85,63,6,0.05,60,16,147,0.10884353741496598,0.0017276751970629522,0.26666666666666666,1260,0.05,709
50,85,63,6,0.05,71,67,321,0.2087227414330218,0.003313059387825743,0.9436619718309859,1260,0.05,710
50,85,63,6,0.1,112,80,343,0.23323615160349853,0.003702161136563469,0.7142857142857143,1260,0.05,711
50,85,63,6,0.1,138,128,495,0.2585858585858586,0.004104537437870771,0.927536231884058,1260,0.05,712
50,85,63,6,0.1,129,124,503,0.24652087475149106,0.003913029757960176,0.9612403100775194,1260,0.05,713
50,85,63,6,0.2,227,221,842,0.26247030878859856,0.004166195377596803,0.973568281938326,1260,0.05,714
50,85,63,6,0.2,250,238,831,0.28640192539109505,0.00454606230779516,0.952,1260,0.05,715
50,85,63,6,0.2,274,269,1044,0.25766283524904215,0.00408988627379432,0.9817518248175182,1260,0.05,716
50,85,63,6,0.3,357,349,1244,0.2805466237942122,0.004453121012606543,0.9775910364145658,1260,0.05,717
50,85,63,6,0.3,353,351,1330,0.2639097744360902,0.0041890440386680985,0.9943342776203966,1260,0.05,718
50,85,63,6,0.3,379,370,1355,0.2730627306273063,0.00433432905757629,0.9762532981530343,1260,0.05,719
